SENTENCE_NAME,duration_sec,word_count
--7E2sU6zP4_11-5-rgb_front,26.909999999999997,39
--7E2sU6zP4_6-5-rgb_front,20.519999999999996,26
--7E2sU6zP4_8-5-rgb_front,17.879999999999995,28
--7E2sU6zP4_9-5-rgb_front,13.990000000000009,14
--8pSDeC-fg_14-5-rgb_front,18.680000000000007,32
--dANj_01AU_15-5-rgb_front,15.969999999999999,28
-00cp1iGiDw_10_11-5-rgb_front,16.830000000000013,30
-00cp1iGiDw_12-5-rgb_front,18.059999999999974,31
-00cp1iGiDw_13-5-rgb_front,22.69999999999999,54
-00cp1iGiDw_7-5-rgb_front,25.78,30
-00cp1iGiDw_8-5-rgb_front,35.41,68
-06_nJnhORg_0-5-rgb_front,21.19,45
-06_nJnhORg_17-5-rgb_front,16.82000000000002,41
-06_nJnhORg_2-5-rgb_front,20.52,39
-06_nJnhORg_3-5-rgb_front,19.43,47
-06_nJnhORg_4_5-5-rgb_front,21.67,58
-08ZGCviCm4_3-5-rgb_front,16.419999999999998,38
-08ZGCviCm4_4-5-rgb_front,17.480000000000004,36
-0FA6OhxZSE_4-5-rgb_front,32.519999999999996,82
-0N0jbyBW6g_5-5-rgb_front,14.409999999999997,25
-0N0jbyBW6g_8-5-rgb_front,15.11,22
-0ZqnVFv7eI_1-5-rgb_front,18.880000000000003,43
-0ZqnVFv7eI_3-5-rgb_front,30.04,68
-0ZqnVFv7eI_6-5-rgb_front,15.460000000000008,32
-0daC3SWCPQ_4-5-rgb_front,17.979999999999997,33
-0oP2H0vAGY_13-5-rgb_front,16.24000000000001,33
-0oP2H0vAGY_14-5-rgb_front,16.11,24
-0oP2H0vAGY_15-5-rgb_front,19.099999999999994,26
-0oP2H0vAGY_17-5-rgb_front,53.18000000000001,123
-0oP2H0vAGY_4-5-rgb_front,16.27,54
-0sphqZT1eQ_3-5-rgb_front,17.66,24
-0sphqZT1eQ_4-5-rgb_front,16.820000000000004,32
-0yRaqY7nTE_10-5-rgb_front,16.840000000000003,44
-0yRaqY7nTE_7-5-rgb_front,28.699999999999996,70
-0yRaqY7nTE_8-5-rgb_front,16.769999999999996,42
-1KpdDGPCq4_5-5-rgb_front,41.47,81
-1PeVdIwiq0_12-8-rgb_front,13.700000000000003,29
-1PeVdIwiq0_17-8-rgb_front,14.110000000000014,60
-1Uik-vwQoc_5-5-rgb_front,17.790000000000006,34
-1eulcDdoVQ_10-5-rgb_front,14.399999999999977,26
-1eulcDdoVQ_2-5-rgb_front,13.64,20
-1eulcDdoVQ_4-5-rgb_front,17.799999999999997,37
-1eulcDdoVQ_5-5-rgb_front,28.940000000000005,47
-1eulcDdoVQ_6-5-rgb_front,26.659999999999997,37
-1fUFbij2s0_2-5-rgb_front,20.870000000000005,53
-1fUFbij2s0_23_24-5-rgb_front,17.98999999999998,22
-1fUFbij2s0_26_27_28-5-rgb_front,24.159999999999997,30
-1rM0t5FMiE_3-5-rgb_front,15.879999999999999,30
-1rM0t5FMiE_6-5-rgb_front,34.35,33
-1rM0t5FMiE_7-5-rgb_front,20.83,24
-23PZTqtDBw_10-5-rgb_front,16.159999999999997,40
-23PZTqtDBw_14-5-rgb_front,18.11,38
-23PZTqtDBw_3-5-rgb_front,27.680000000000003,63
-23PZTqtDBw_9-5-rgb_front,14.790000000000006,35
-3bw4dQEyF8_2-5-rgb_front,15.620000000000001,20
-3bw4dQEyF8_5-5-rgb_front,21.720000000000006,26
-3bw4dQEyF8_6-5-rgb_front,22.340000000000003,34
-3sFcDBFxc8_1-5-rgb_front,18.44,24
-6PULg1jlpc_5-5-rgb_front,15.04,25
-6PZkp-zC78_3-5-rgb_front,19.47,48
-6PZkp-zC78_8-5-rgb_front,14.189999999999998,39
-6YYqn8lplg_4-5-rgb_front,15.129999999999995,37
-6xQU_WIlh4_5-5-rgb_front,22.700000000000003,55
-6xQU_WIlh4_6-5-rgb_front,14.039999999999992,30
-70D86eMmIc_11-5-rgb_front,16.810000000000002,39
-70D86eMmIc_13-5-rgb_front,32.27000000000001,45
-70D86eMmIc_17-5-rgb_front,25.159999999999997,30
-70D86eMmIc_5-5-rgb_front,19.28,36
-70D86eMmIc_7-5-rgb_front,25.700000000000003,38
-7H7ZHO_4Ao_5-8-rgb_front,15.82,46
-88OcTs9MPs_3-8-rgb_front,25.6,101
-8EJ9aomFAc_4-8-rgb_front,29.77,26
-8j9K3T5lkw_8-8-rgb_front,13.779999999999994,35
-8smPvP08mU_9-8-rgb_front,69.38000000000001,22
-8uwu59w8QE_10-8-rgb_front,14.650000000000006,49
-916rCqIrfY_20-5-rgb_front,121.56,17
-96cWDhR4hc_0-5-rgb_front,29.44,61
-96cWDhR4hc_1-5-rgb_front,24.080000000000002,42
-96cWDhR4hc_5-5-rgb_front,14.090000000000003,18
-96cWDhR4hc_8-5-rgb_front,21.210000000000008,34
-96cWDhR4hc_9-5-rgb_front,24.79000000000002,35
-98tdkCF-sY_5-5-rgb_front,69.19,41
-9Kic0QsCYs_12-8-rgb_front,14.879999999999995,33
-9Kic0QsCYs_13-8-rgb_front,15.299999999999997,42
-9Kic0QsCYs_9-8-rgb_front,17.380000000000003,38
-9KqRMBAAsA_1_2-3-rgb_front,22.37,21
-9TmNCFEtDo_1-8-rgb_front,22.39,14
-9TmNCFEtDo_3-8-rgb_front,14.419999999999998,41
-9TmNCFEtDo_4-8-rgb_front,14.75,15
-9TmNCFEtDo_5-8-rgb_front,24.699999999999996,41
-9TmNCFEtDo_7-8-rgb_front,19.590000000000003,43
-9__F8XKDuE_4-8-rgb_front,16.259999999999998,32
-9_jI7kWiQY_1-8-rgb_front,20.25,50
-9umTJVGSqk_4-8-rgb_front,23.95,18
-9zB8cv_WJk_12-8-rgb_front,24.25999999999999,71
-9zB8cv_WJk_4-8-rgb_front,47.03,12
-9zB8cv_WJk_9-8-rgb_front,22.230000000000004,64
-AP1d_fHmeM_2-8-rgb_front,28.36,56
-AP1d_fHmeM_3-8-rgb_front,21.550000000000004,44
-AUIJ6-UEzM_2-8-rgb_front,25.15,63
-AUIJ6-UEzM_3-8-rgb_front,18.10000000000001,59
-AVtT8Kl-fs_20-8-rgb_front,13.850000000000009,41
-AZVqXtWGg0_2-8-rgb_front,13.650000000000002,36
-AZVqXtWGg0_22-8-rgb_front,16.780000000000015,17
-AZVqXtWGg0_8-8-rgb_front,17.35,46
-Ah1r8OnmMM_5-8-rgb_front,20.550000000000004,62
-Ah1r8OnmMM_7-8-rgb_front,18.549999999999997,87
-AhZpejVexQ_2-5-rgb_front,15.93,34
-Aiz9jYxt4g_8-8-rgb_front,13.850000000000001,41
-Ajh5HDqsi4_7-8-rgb_front,18.27,55
-B1PA__Pemg_10-8-rgb_front,14.099999999999994,46
-B1PA__Pemg_2-8-rgb_front,18.990000000000002,27
-B1PA__Pemg_3-8-rgb_front,13.889999999999997,29
-B1PA__Pemg_4-8-rgb_front,15.89,35
-B1PA__Pemg_5-8-rgb_front,15.39,46
-B1PA__Pemg_6-8-rgb_front,37.33000000000001,103
-BABPsEWA54_15-3-rgb_front,13.97999999999999,29
-BWRIFAD4_s_2-8-rgb_front,16.650000000000002,35
-BWRIFAD4_s_3-8-rgb_front,18.42,33
-BWRIFAD4_s_5-8-rgb_front,17.860000000000007,40
-BWRIFAD4_s_9-8-rgb_front,36.769999999999996,60
-BrxzwEb3E8_1-8-rgb_front,16.05,53
-BrxzwEb3E8_7-8-rgb_front,19.200000000000003,66
-Bz0BNwqAE4_8-5-rgb_front,23.680000000000007,45
-CBJ6FWZl08_2-8-rgb_front,17.959999999999997,53
-CBJ6FWZl08_4-8-rgb_front,14.93,44
-CI0wTBVlaI_14-8-rgb_front,16.200000000000003,51
-CYcSZkXFLs_4-8-rgb_front,25.29,50
-CZLAzGuTSk_6_7-8-rgb_front,32.2,76
-CiUc2Gk4v8_8-8-rgb_front,15.399999999999999,41
-DV52J2dGWQ_4-8-rgb_front,16.380000000000003,60
-EAXGeHv9U4_2-8-rgb_front,16.159999999999997,53
-EAXGeHv9U4_5-8-rgb_front,15.840000000000003,63
-EdUkSqns3U_0-3-rgb_front,18.47,30
-EdUkSqns3U_3-3-rgb_front,16.409999999999997,40
-F6vN4bOBWs_13-8-rgb_front,14.040000000000006,37
-F6vN4bOBWs_6-8-rgb_front,17.39,62
-F8wNvnNQNs_6-8-rgb_front,35.32999999999999,75
-FmyGR0GA_E_7-8-rgb_front,15.81000000000001,55
-FmyGR0GA_E_8-8-rgb_front,19.210000000000008,64
-a1HIguW14M_5-8-rgb_front,75.24,2
-a9uCz7Bo5E_11-8-rgb_front,26.25,47
-a9uCz7Bo5E_2-8-rgb_front,14.930000000000001,36
-a9uCz7Bo5E_8-8-rgb_front,14.86,33
-a9uCz7Bo5E_9-8-rgb_front,18.489999999999995,31
-aF-wabKgGs_12-8-rgb_front,20.659999999999997,26
-aF-wabKgGs_9-8-rgb_front,17.61,35
-aIcS__ed0M_3-8-rgb_front,14.450000000000003,29
-aZEs9_Vo6g_2-3-rgb_front,16.36,51
-avT5MztdU0_1-8-rgb_front,19.020000000000003,47
-b44ieHORm4_1-5-rgb_front,15.19,26
-b44ieHORm4_4-5-rgb_front,22.159999999999997,40
-b44ieHORm4_5-5-rgb_front,20.900000000000006,39
-b44ieHORm4_7-5-rgb_front,18.049999999999997,39
-b4_y6LOSx0_14-8-rgb_front,14.540000000000006,35
-bKHI_VTZ1Q_8-8-rgb_front,22.349999999999994,52
-bLfarX5JXU_12-5-rgb_front,50.10000000000001,111
-bTEtrts5ZU_13-8-rgb_front,15.230000000000004,52
-bx5X9wxho4_8-5-rgb_front,13.739999999999995,26
-c5CKp2JWHE_2-5-rgb_front,15.98,30
-c_OoOsTigw_10-5-rgb_front,16.939999999999998,44
-c_OoOsTigw_11-5-rgb_front,15.230000000000004,36
-c_OoOsTigw_4-5-rgb_front,28.33,60
-cjui5FUrLQ_0-5-rgb_front,25.44,35
-cmG4MzqyjE_20-5-rgb_front,22.780000000000015,51
-cv1gZaGtNk_3-5-rgb_front,16.9,29
-dE8T2Quw3I_1-5-rgb_front,24.09,43
-dE8T2Quw3I_11-5-rgb_front,14.629999999999995,41
-dE8T2Quw3I_2-5-rgb_front,16.099999999999998,33
-dE8T2Quw3I_4-5-rgb_front,22.6,45
-dIdfcIZVGU_3-5-rgb_front,14.849999999999994,43
-dIdfcIZVGU_6-5-rgb_front,19.980000000000004,32
-dIdfcIZVGU_7-5-rgb_front,13.650000000000006,34
-dK6mH2v-64_3-5-rgb_front,17.639999999999993,29
-dK6mH2v-64_4-5-rgb_front,26.150000000000006,51
-dSv5URTW8M_2-5-rgb_front,14.350000000000001,35
-dTqNMtTqO8_2-5-rgb_front,14.790000000000001,31
-dTqNMtTqO8_4-5-rgb_front,18.39,43
-dTqNMtTqO8_5-5-rgb_front,14.120000000000005,37
-dXU26rkB7I_13-5-rgb_front,17.540000000000006,38
-dXU26rkB7I_4-5-rgb_front,19.349999999999998,26
-dXU26rkB7I_5-5-rgb_front,23.130000000000003,47
-dyT7rtkAMk_24-5-rgb_front,22.569999999999993,45
-e28snEMnO4_4-5-rgb_front,14.68,30
-e28snEMnO4_7-5-rgb_front,16.75,19
-e28snEMnO4_8-5-rgb_front,30.379999999999995,51
-e9uexlpA4g_3-5-rgb_front,14.09,43
-e9uexlpA4g_9-5-rgb_front,18.28,61
-eJI_YOtHNE_15-5-rgb_front,21.17,9
-eKw7cELh_E_6-5-rgb_front,13.989999999999995,30
-eKw7cELh_E_9-5-rgb_front,14.08999999999999,35
-eL7lQUY2fo_11-5-rgb_front,15.659999999999997,48
-eL7lQUY2fo_7-5-rgb_front,19.28000000000001,50
-eP-kUd9hD8_0-5-rgb_front,24.16,35
-eP-kUd9hD8_11-5-rgb_front,19.32000000000002,40
-eP-kUd9hD8_14-5-rgb_front,21.080000000000013,39
-eP-kUd9hD8_16-5-rgb_front,16.619999999999976,30
-eP-kUd9hD8_5-5-rgb_front,16.040000000000006,27
-eP-kUd9hD8_6-5-rgb_front,26.25,67
-eP-kUd9hD8_7-5-rgb_front,16.11999999999999,35
-eP-kUd9hD8_9-5-rgb_front,14.919999999999987,28
-eSwgmd4XaQ_0-5-rgb_front,20.22,45
-eSwgmd4XaQ_10-5-rgb_front,14.670000000000002,21
-eVbw_nRsLI_11-5-rgb_front,14.47999999999999,24
-eVbw_nRsLI_2-5-rgb_front,22.979999999999997,53
-eVbw_nRsLI_4-5-rgb_front,14.079999999999998,37
-eXHI3iqu7g_7-5-rgb_front,14.100000000000009,33
-eaisNdrTS4_11-5-rgb_front,13.990000000000002,33
-egX2qfNmvI_1-5-rgb_front,15.110000000000001,38
-egX2qfNmvI_10-5-rgb_front,22.019999999999996,37
-euMRdZvO74_2-5-rgb_front,13.81,37
-f0h1J3POAg_9-5-rgb_front,18.700000000000003,27
-f7htdZ3Kk0_8_9-5-rgb_front,17.660000000000004,32
-f8UHZWw9Zs_0-5-rgb_front,18.79,35
-f8UHZWw9Zs_1-5-rgb_front,16.33,44
-f8UHZWw9Zs_3-5-rgb_front,18.819999999999993,41
-f8UHZWw9Zs_6-5-rgb_front,21.690000000000012,57
-fC91WQRXio_3-3-rgb_front,15.420000000000002,23
-fNgnONv_3I_13-5-rgb_front,14.349999999999994,44
-fNgnONv_3I_14-5-rgb_front,32.28999999999999,30
-fNgnONv_3I_4-5-rgb_front,14.879999999999999,41
-fOR83fBsP4_2-3-rgb_front,19.67,73
-fOR83fBsP4_3-3-rgb_front,21.569999999999997,58
-fOR83fBsP4_6-3-rgb_front,21.200000000000003,84
-fOR83fBsP4_7-3-rgb_front,15.469999999999999,45
-fPRgGA3QYY_21-5-rgb_front,25.689999999999998,33
-fSI2e1pqkY_15-5-rgb_front,14.75,18
-fyFTnt9w9Q_0-5-rgb_front,25.51,48
-fyFTnt9w9Q_10-5-rgb_front,13.709999999999994,38
-fyFTnt9w9Q_3-5-rgb_front,17.64,44
0-0kX3XoMPQ_10-3-rgb_front,33.17,66
0-4j8fghNOE_1-5-rgb_front,25.75,20
0-4j8fghNOE_4-5-rgb_front,14.07,39
0-4j8fghNOE_7-5-rgb_front,13.719999999999999,44
0-CH0nKReGk_5-5-rgb_front,16.96,29
0-I67scsfIE_4-5-rgb_front,14.459999999999997,43
0-QttpoWp_8_1-5-rgb_front,28.33,49
0-QttpoWp_8_2-5-rgb_front,19.990000000000002,47
0-QttpoWp_8_3-5-rgb_front,19.959999999999994,47
0-QttpoWp_8_4-5-rgb_front,13.939999999999998,34
0-bR2rq-qps_16-5-rgb_front,14.759999999999991,26
0-n5YbN2IZA_1-5-rgb_front,14.48,44
0-n5YbN2IZA_14-5-rgb_front,20.790000000000006,24
0-n5YbN2IZA_2-5-rgb_front,15.580000000000002,37
0-n5YbN2IZA_5-5-rgb_front,13.880000000000003,42
0-vrO9sZ5ow_11-5-rgb_front,17.08999999999999,34
0-vrO9sZ5ow_6-5-rgb_front,20.810000000000002,38
0-wLoko5zNw_1-5-rgb_front,14.61,21
0-wLoko5zNw_2-5-rgb_front,25.29,42
0-wLoko5zNw_3-5-rgb_front,14.04,27
0-wLoko5zNw_4-5-rgb_front,14.68,32
0-wLoko5zNw_5-5-rgb_front,18.67,31
0-wLoko5zNw_8-5-rgb_front,23.159999999999997,35
0-zewtxhuR8_6-5-rgb_front,18.139999999999997,36
001evy9D-mw_1-5-rgb_front,25.259999999999998,27
001evy9D-mw_9-5-rgb_front,26.620000000000005,33
002pHlZGEQ8_23-5-rgb_front,14.519999999999996,26
003D1CHLnQs_1-5-rgb_front,21.599999999999998,35
003D1CHLnQs_8-5-rgb_front,30.17,50
005j20-PoLw_1-5-rgb_front,14.85,19
005j20-PoLw_5-5-rgb_front,18.07,36
005j20-PoLw_6_7-5-rgb_front,34.400000000000006,38
005j20-PoLw_9-5-rgb_front,29.409999999999997,29
006DXpJ9erw_2-5-rgb_front,23.72,61
006DXpJ9erw_5-5-rgb_front,18.89,40
006LlgDKKGM_0-5-rgb_front,14.5,26
006LlgDKKGM_2-5-rgb_front,32.0,63
006LlgDKKGM_3-5-rgb_front,17.300000000000004,36
006LlgDKKGM_4-5-rgb_front,21.83,42
00Cal635Wno_11-5-rgb_front,16.83,39
00Cal635Wno_13-5-rgb_front,14.36,42
00DKFksyVnQ_11_12_13-5-rgb_front,21.059999999999988,31
00Fc7cZX1gM_15_16-5-rgb_front,15.149999999999991,49
00T6xK82A7k_15-5-rgb_front,20.569999999999993,24
00T6xK82A7k_2-5-rgb_front,15.23,26
00T6xK82A7k_20-5-rgb_front,29.50999999999999,20
00T6xK82A7k_8-5-rgb_front,14.409999999999997,33
00YBzfWomz8_10-5-rgb_front,18.53,20
00YBzfWomz8_2-5-rgb_front,25.85,35
00kppw3aqus_11-3-rgb_front,21.060000000000002,46
00kppw3aqus_13-3-rgb_front,26.94999999999999,55
00kppw3aqus_4-3-rgb_front,26.330000000000005,46
00kppw3aqus_9-3-rgb_front,17.189999999999998,44
00m1mQFF5zo_8-3-rgb_front,14.079999999999998,27
00xgNW3M4-4_11_12-3-rgb_front,28.840000000000003,57
01Dnm-s8rNI_3-3-rgb_front,16.46,39
01Dnm-s8rNI_6-3-rgb_front,13.699999999999996,36
01KR04fE7Fw_0-3-rgb_front,15.5,1
01KR04fE7Fw_5-3-rgb_front,19.11,40
01j1UveqztE_14-3-rgb_front,20.620000000000005,87
01j1UveqztE_4-3-rgb_front,19.709999999999997,61
01okYWMvD-0_4-3-rgb_front,16.669999999999998,31
01okYWMvD-0_5-3-rgb_front,13.79,26
025gAKRCIKY_9-3-rgb_front,15.049999999999997,50
02CpakICRL4_1-8-rgb_front,18.38,21
02CpakICRL4_5-8-rgb_front,20.64,32
02WRxAwx-Bo_1-8-rgb_front,13.799999999999999,15
038vE9JsU9I_5-8-rgb_front,19.139999999999997,43
038vE9JsU9I_6-8-rgb_front,14.54,21
03EzcoSP2pc_5-8-rgb_front,22.599999999999998,62
03WUE9zzQY4_14-8-rgb_front,14.189999999999998,42
03lzv6OzJhE_8-8-rgb_front,13.689999999999998,53
04DtdCu2kfg_12-5-rgb_front,14.57,38
04DtdCu2kfg_13-5-rgb_front,15.279999999999987,48
04hnjLKHh2g_1-5-rgb_front,18.11,28
04hnjLKHh2g_7-5-rgb_front,17.260000000000005,32
05LWN7tIdEo_0-5-rgb_front,19.580000000000002,38
05LWN7tIdEo_1-5-rgb_front,25.51,53
05gjcxakphc_1-5-rgb_front,16.61,15
05gjcxakphc_8-5-rgb_front,23.569999999999993,27
05snMPwCV98_0-5-rgb_front,14.96,34
05snMPwCV98_2_3-5-rgb_front,21.000000000000004,47
05svBr3FJD4_1-5-rgb_front,123.55,195
06S7xXXHWIs_0-5-rgb_front,14.12,31
06Yvm4X81WI_14-5-rgb_front,15.689999999999998,42
06Yvm4X81WI_8-5-rgb_front,13.630000000000003,23
06bQ_DxQGJU_0-5-rgb_front,15.079999999999998,39
06bQ_DxQGJU_2-5-rgb_front,14.010000000000002,40
06bQ_DxQGJU_3-5-rgb_front,22.799999999999997,69
06bQ_DxQGJU_8-5-rgb_front,37.18000000000001,74
06d7cIO6KsA_6-5-rgb_front,28.950000000000003,65
06jk1stVwMI_22-5-rgb_front,20.61,30
075s9DECj2k_2-5-rgb_front,17.189999999999998,37
075s9DECj2k_5-5-rgb_front,17.560000000000002,30
075s9DECj2k_9-5-rgb_front,14.14,35
077IIb5uuCs_11-5-rgb_front,13.810000000000002,22
077IIb5uuCs_3-5-rgb_front,14.52,43
077rQK39ycg_17-5-rgb_front,19.22,23
077rQK39ycg_8-5-rgb_front,14.899999999999999,34
079tjgCukM4_7-5-rgb_front,13.830000000000005,30
07EGkSiMsL0_18-5-rgb_front,19.86,32
07EGkSiMsL0_7-5-rgb_front,23.26,56
07HhpnroTXs_4-5-rgb_front,19.380000000000003,41
07U8pEf63Pw_11-5-rgb_front,13.870000000000005,21
07ViW5BdEsw_10-1-rgb_front,18.369999999999997,40
07ViW5BdEsw_16_17-1-rgb_front,26.879999999999995,68
07ViW5BdEsw_4-1-rgb_front,14.27,24
07n9gNTlVdI_10-5-rgb_front,15.129999999999995,20
07n9gNTlVdI_13-5-rgb_front,19.440000000000012,27
07n9gNTlVdI_16-5-rgb_front,20.289999999999992,32
07n9gNTlVdI_4_5-5-rgb_front,18.93,30
08JotxFsA4Y_10-5-rgb_front,22.159999999999997,53
08JotxFsA4Y_2-5-rgb_front,17.300000000000004,32
08JotxFsA4Y_3-5-rgb_front,30.720000000000006,63
08JotxFsA4Y_6-5-rgb_front,31.38000000000001,44
08JotxFsA4Y_7-5-rgb_front,24.25,49
08PDyCn-pxI_4-5-rgb_front,15.189999999999998,46
08UdcMPnTyU_2-5-rgb_front,14.109999999999996,29
08UdcMPnTyU_3-5-rgb_front,28.229999999999997,70
08hX7LrGPZQ_0-5-rgb_front,13.74,28
08hX7LrGPZQ_10-5-rgb_front,34.58,18
08hX7LrGPZQ_4-5-rgb_front,17.6,24
08hX7LrGPZQ_7-5-rgb_front,13.870000000000005,19
08hX7LrGPZQ_9-5-rgb_front,16.72999999999999,15
08nsvHZLNfE_14-5-rgb_front,17.5,28
08nsvHZLNfE_29_30_31-5-rgb_front,14.830000000000013,22
08nsvHZLNfE_34-5-rgb_front,16.54000000000002,32
08nsvHZLNfE_4-5-rgb_front,13.760000000000002,28
08nsvHZLNfE_8-5-rgb_front,19.239999999999995,34
097l3R1JCFQ_4-5-rgb_front,14.48,20
09B_3NBFoM8_11-5-rgb_front,21.86,55
09B_3NBFoM8_14-5-rgb_front,13.810000000000002,41
09B_3NBFoM8_5-5-rgb_front,14.39,34
09PTYSJ3dmA_2-8-rgb_front,14.130000000000003,57
09PTYSJ3dmA_5-8-rgb_front,16.169999999999995,75
09wc1lfk_P4_6-8-rgb_front,13.71,35
0ACeI3_jN3k_0_1_2_3-8-rgb_front,15.76,38
0ACeI3_jN3k_16-8-rgb_front,15.339999999999996,40
0AhtD4UPpJQ_10-5-rgb_front,13.650000000000006,23
0AhtD4UPpJQ_6-5-rgb_front,15.939999999999998,35
0C6TSfqie_Y_1-8-rgb_front,15.100000000000001,58
0C6TSfqie_Y_2-8-rgb_front,13.89,49
0C6TSfqie_Y_4-8-rgb_front,17.96,53
0CGoYyy61p8_1-8-rgb_front,14.09,38
0CSAuZM2jAU_2-5-rgb_front,14.419999999999998,29
0CSAuZM2jAU_3-5-rgb_front,17.840000000000003,42
0CSAuZM2jAU_5-5-rgb_front,20.619999999999997,38
0CX_8jyojDc_12-8-rgb_front,80.47,49
0C_NjyLtHwc_33-8-rgb_front,15.709999999999994,49
0Ca0Mc1SqpA_10-8-rgb_front,17.689999999999998,40
0CecLZXqzZ4_1-8-rgb_front,17.68,26
0Dgty_NNa48_12-5-rgb_front,15.030000000000001,27
0DhJ9bK49RM_11-8-rgb_front,15.180000000000007,35
0DhJ9bK49RM_7-8-rgb_front,14.509999999999998,23
0E4mKYwAhOs_7-8-rgb_front,14.18,14
0EBzUNzDv9A_4-8-rgb_front,30.00999999999999,86
0EVlXAX_-vw_11-11-rgb_front,22.08999999999999,51
0EVlXAX_-vw_9-11-rgb_front,15.839999999999996,36
0EW2ql96Ksc_4-8-rgb_front,18.479999999999997,39
0EZaw5V-LfU_1-11-rgb_front,15.68,27
0EZaw5V-LfU_4-11-rgb_front,21.770000000000003,46
0EZaw5V-LfU_5-11-rgb_front,15.32,26
0E_ELI0D4nA_1-8-rgb_front,17.9,22
0E_ELI0D4nA_4-8-rgb_front,16.83,31
0E_ELI0D4nA_7_8-8-rgb_front,23.11999999999999,66
0EhQlUjX9Q8_12-3-rgb_front,15.529999999999987,36
0Esq_TAc-1Y_5-5-rgb_front,14.61,10
0Fqav67TDEw_1-11-rgb_front,18.810000000000002,23
0Fqav67TDEw_2-11-rgb_front,18.03,31
0Fqav67TDEw_3-11-rgb_front,22.430000000000007,37
0Fqav67TDEw_5-11-rgb_front,20.679999999999993,36
0Fqav67TDEw_6-11-rgb_front,21.760000000000005,32
0FrdEk0KBzg_27-1-rgb_front,14.099999999999994,35
0FrdEk0KBzg_8-1-rgb_front,22.339999999999996,65
0FrdEk0KBzg_9-1-rgb_front,20.189999999999998,55
0Fs8a5vglXc_5-8-rgb_front,18.990000000000002,39
0Fs8a5vglXc_6-8-rgb_front,17.4,26
0Fs8a5vglXc_8-8-rgb_front,36.83,13
0Ft9bREx_G0_10-8-rgb_front,14.27000000000001,15
0Ft9bREx_G0_3-8-rgb_front,24.990000000000002,31
0Ft9bREx_G0_5-8-rgb_front,19.28,22
0Ft9bREx_G0_6-8-rgb_front,21.239999999999995,29
0G41FMDf9bY_1-11-rgb_front,15.459999999999999,16
0G41FMDf9bY_4-11-rgb_front,22.39,37
0G41FMDf9bY_5-11-rgb_front,24.10000000000001,47
0G41FMDf9bY_7-11-rgb_front,27.87999999999998,46
0GJk5oID0PA_12_13-3-rgb_front,21.67,56
0GLi2UAP2CY_11-8-rgb_front,17.980000000000004,55
0GLi2UAP2CY_13-8-rgb_front,15.16000000000001,46
0GLi2UAP2CY_1_2_3_4-8-rgb_front,43.22,59
0GLi2UAP2CY_7-8-rgb_front,19.590000000000003,36
0GwSyviALiU_0-11-rgb_front,27.3,35
0GwSyviALiU_3-11-rgb_front,14.549999999999997,16
0GwSyviALiU_8-11-rgb_front,18.83,28
0Gyur-C_KEo_2-5-rgb_front,21.109999999999996,50
0Gyur-C_KEo_5-5-rgb_front,19.0,39
0H0_rY2_6wQ_1-5-rgb_front,28.46,41
0H0_rY2_6wQ_4-5-rgb_front,22.39,44
0H0_rY2_6wQ_6-5-rgb_front,25.5,46
0H0_rY2_6wQ_7-5-rgb_front,17.120000000000005,46
0H0_rY2_6wQ_8-5-rgb_front,21.720000000000013,38
0H0_rY2_6wQ_9-5-rgb_front,14.310000000000002,24
0H60j0VxTaE_0-5-rgb_front,14.780000000000001,39
0H60j0VxTaE_2-5-rgb_front,20.8,43
0H60j0VxTaE_24-5-rgb_front,41.44,8
0HMTm0ljVl8_15-5-rgb_front,16.129999999999995,19
0HMTm0ljVl8_3-5-rgb_front,18.499999999999996,38
0HMTm0ljVl8_6-5-rgb_front,13.68,42
0HObK-sd2ds_11-5-rgb_front,19.779999999999987,44
0HObK-sd2ds_13-5-rgb_front,25.640000000000015,56
0HObK-sd2ds_17-5-rgb_front,32.860000000000014,79
0HObK-sd2ds_7-5-rgb_front,23.520000000000003,56
0HObK-sd2ds_8_9-5-rgb_front,40.93000000000001,97
0HPNKFjr1KQ_2-5-rgb_front,17.400000000000002,51
0HR9yZVt2F4_6_7-5-rgb_front,25.78000000000001,43
0HR9yZVt2F4_8-5-rgb_front,13.710000000000008,18
0HW3SuQbV7g_0_2-5-rgb_front,16.11,25
0HW3SuQbV7g_13_14_15-5-rgb_front,15.64,32
0HW3SuQbV7g_16_17-5-rgb_front,15.88000000000001,24
0HW3SuQbV7g_18_19_20-5-rgb_front,15.009999999999991,37
0HW3SuQbV7g_23_24-5-rgb_front,20.060000000000002,49
0HW3SuQbV7g_25-5-rgb_front,16.80000000000001,32
0HW3SuQbV7g_3_4-5-rgb_front,16.8,45
0HW3SuQbV7g_5-5-rgb_front,14.939999999999998,31
0HfN3Ts0FxQ_10_11_12-5-rgb_front,14.670000000000002,38
0HfN3Ts0FxQ_14-5-rgb_front,24.74000000000001,18
0HfN3Ts0FxQ_15-5-rgb_front,18.86999999999999,17
0HjhaTfGAdE_12-5-rgb_front,25.17,24
0HjhaTfGAdE_13-5-rgb_front,14.109999999999985,28
0HjhaTfGAdE_5-5-rgb_front,17.66,34
0HjhaTfGAdE_7-5-rgb_front,14.760000000000005,26
0HrO1O6B2dg_4-5-rgb_front,19.020000000000003,41
0HrO1O6B2dg_5-5-rgb_front,13.839999999999996,30
0HrO1O6B2dg_6-5-rgb_front,27.97,36
0HxDpq1l4tk_1-5-rgb_front,16.97,27
0HxDpq1l4tk_3-5-rgb_front,17.800000000000004,39
0I8jUk3Kc2w_0-5-rgb_front,19.28,36
0I8jUk3Kc2w_1-5-rgb_front,18.310000000000002,36
0I8jUk3Kc2w_2_3-5-rgb_front,29.320000000000007,64
0I8jUk3Kc2w_8-5-rgb_front,14.709999999999994,28
0I9Ks-BPfDs_0-5-rgb_front,14.0,30
0I9Ks-BPfDs_16-5-rgb_front,15.129999999999995,36
0I9Ks-BPfDs_17-5-rgb_front,20.560000000000002,28
0I9Ks-BPfDs_3-5-rgb_front,19.480000000000004,41
0I9Ks-BPfDs_6-5-rgb_front,23.290000000000006,38
0I9Ks-BPfDs_9-5-rgb_front,33.78999999999999,7
0ICZi26jdaQ_10-5-rgb_front,15.680000000000007,23
0ICZi26jdaQ_18-5-rgb_front,15.02000000000001,36
0ICZi26jdaQ_22-5-rgb_front,14.319999999999993,29
0ICZi26jdaQ_25-5-rgb_front,18.639999999999986,35
0ICZi26jdaQ_7-5-rgb_front,29.689999999999998,71
0IEzAXxCjO4_0_1_3-5-rgb_front,19.86,36
0IEzAXxCjO4_19-5-rgb_front,19.33,34
0IsoobG67PY_2-5-rgb_front,17.61,49
0IsoobG67PY_3-5-rgb_front,18.75,37
0IsoobG67PY_4-5-rgb_front,16.509999999999998,60
0JH35Eyysww_6-5-rgb_front,14.690000000000001,22
0JH35Eyysww_7-5-rgb_front,14.409999999999997,30
0JH35Eyysww_9-5-rgb_front,13.86,20
0JLA3FdXedM_1-5-rgb_front,16.64,40
0JLA3FdXedM_2-5-rgb_front,20.499999999999996,60
0JLA3FdXedM_3-5-rgb_front,19.47,55
0JLA3FdXedM_5-5-rgb_front,20.14999999999999,48
0JLA3FdXedM_9-5-rgb_front,15.570000000000007,62
0JZYw74996E_18-5-rgb_front,18.92,35
0JtcVYXue30_3-5-rgb_front,18.360000000000003,32
0JtcVYXue30_8-5-rgb_front,15.230000000000004,46
0KU13AH-7bQ_2-5-rgb_front,13.679999999999998,33
0Klw2OYcfoE_12-5-rgb_front,20.010000000000005,36
0Klw2OYcfoE_13-5-rgb_front,13.639999999999986,24
0Klw2OYcfoE_17-5-rgb_front,18.980000000000018,28
0Klw2OYcfoE_19-5-rgb_front,17.129999999999995,35
0Klw2OYcfoE_3-5-rgb_front,18.97,42
0KpJxzHyTUo_6-5-rgb_front,29.990000000000002,62
0KpJxzHyTUo_8-5-rgb_front,23.86999999999999,47
0mqwTXQN-x8_0-5-rgb_front,21.51,76
0mqwTXQN-x8_1-5-rgb_front,22.65,44
0myBh0x1yqw_1-5-rgb_front,16.34,26
0myBh0x1yqw_2-5-rgb_front,27.849999999999998,49
0myBh0x1yqw_4-5-rgb_front,15.939999999999998,25
0oHN9y80NME_3-5-rgb_front,16.37,23
0oHN9y80NME_4-5-rgb_front,14.719999999999999,26
0ob9wkq1aYk_5-5-rgb_front,14.46,19
0ob9wkq1aYk_8-5-rgb_front,16.80000000000001,26
0og2_UjYWyg_16-5-rgb_front,16.33,41
0og2_UjYWyg_5-5-rgb_front,14.239999999999998,23
0ot_-8n4zNk_3-5-rgb_front,39.39,28
0ox8b-TwKEs_11-5-rgb_front,20.679999999999993,34
0ox8b-TwKEs_4-5-rgb_front,35.61,58
0pCWadlP-9Q_5-8-rgb_front,18.15,43
0pCWadlP-9Q_6-8-rgb_front,19.270000000000003,52
0pCWadlP-9Q_8-8-rgb_front,17.450000000000003,51
0pMxYTo5cKU_11-5-rgb_front,17.86,33
0pMxYTo5cKU_13-5-rgb_front,24.61,21
0pMxYTo5cKU_5-5-rgb_front,17.259999999999998,30
0pMxYTo5cKU_6-5-rgb_front,14.43,27
0pRM2UWUFLQ_1-5-rgb_front,19.25,26
0pRM2UWUFLQ_5-5-rgb_front,14.450000000000003,33
0plX1nykYwE_10-5-rgb_front,19.00999999999999,26
0plX1nykYwE_13-5-rgb_front,14.029999999999987,33
0plX1nykYwE_21-5-rgb_front,14.060000000000002,25
0plX1nykYwE_22_23-5-rgb_front,23.49000000000001,37
0plX1nykYwE_5-5-rgb_front,21.619999999999997,36
0plX1nykYwE_6_7_8-5-rgb_front,16.639999999999993,32
0plX1nykYwE_9-5-rgb_front,14.100000000000009,23
0pryZawZCJI_2-5-rgb_front,15.31,32
0pryZawZCJI_5-5-rgb_front,14.450000000000003,25
0psMj0gsJjs_3-5-rgb_front,13.719999999999999,25
0psMj0gsJjs_35-5-rgb_front,39.849999999999994,11
0psMj0gsJjs_5-5-rgb_front,14.759999999999998,27
0pzZP3RhYeo_0-5-rgb_front,15.510000000000002,36
0pzZP3RhYeo_1-5-rgb_front,24.38,51
0pzZP3RhYeo_3-5-rgb_front,38.77,59
0q0Tb41RAhc_3-5-rgb_front,19.83,36
0q0Tb41RAhc_9-5-rgb_front,28.730000000000004,21
0qVx3q_poVg_5-5-rgb_front,16.36,42
0qVx3q_poVg_9-5-rgb_front,16.799999999999997,34
0qYzADqK-Z4_0_1-8-rgb_front,23.87,58
0qYzADqK-Z4_5-8-rgb_front,20.669999999999995,41
0q_iyR8gV38_2-5-rgb_front,16.34,23
0q_iyR8gV38_4-5-rgb_front,16.190000000000005,20
0q_iyR8gV38_5-5-rgb_front,14.009999999999991,29
0q_iyR8gV38_6-5-rgb_front,29.42,59
0q_iyR8gV38_7-5-rgb_front,38.85000000000001,56
0qa_D2lCk4g_4-5-rgb_front,14.200000000000003,29
0qa_D2lCk4g_5-5-rgb_front,22.86,28
0rAc9hk-Ylk_8-5-rgb_front,16.96999999999999,30
0rXxoOBskMk_3-5-rgb_front,18.09,48
0reLP4Ynpnk_3-5-rgb_front,16.490000000000002,46
0rqurUFgdJo_0-5-rgb_front,29.139999999999997,51
0rqurUFgdJo_1-5-rgb_front,74.84,131
0s2JBzhsWXw_3-8-rgb_front,15.060000000000002,36
0s2JBzhsWXw_5-8-rgb_front,18.740000000000002,53
0sIZINMi6jM_0-8-rgb_front,20.91,56
0sIZINMi6jM_1-8-rgb_front,14.21,49
0sIZINMi6jM_10-8-rgb_front,18.230000000000004,52
0sSMKEvVetg_0-11-rgb_front,17.27,42
0sSMKEvVetg_2-11-rgb_front,27.18,36
0sSMKEvVetg_3-11-rgb_front,20.85,36
0sal9F4RXeY_3-8-rgb_front,16.64,47
0sat-Ibig34_11-11-rgb_front,17.66000000000001,30
0sat-Ibig34_15-11-rgb_front,17.639999999999986,18
0sat-Ibig34_3-11-rgb_front,15.540000000000003,30
0sat-Ibig34_4-11-rgb_front,16.740000000000002,30
0syI-83QSVM_11-8-rgb_front,20.11,54
0syI-83QSVM_3-8-rgb_front,14.339999999999998,39
0syI-83QSVM_7-8-rgb_front,15.110000000000007,41
0t4O9jMywAo_10-11-rgb_front,17.830000000000005,24
0t7zBQHtvaM_0-5-rgb_front,13.700000000000001,28
0t7zBQHtvaM_2-5-rgb_front,16.3,31
0t7zBQHtvaM_4-5-rgb_front,14.380000000000003,24
0t7zBQHtvaM_5-5-rgb_front,24.739999999999995,38
0t94zPbIPTw_8-8-rgb_front,15.150000000000006,10
0t94zPbIPTw_9-8-rgb_front,14.570000000000007,34
0tZfBzet80M_3-5-rgb_front,20.490000000000002,33
0tZfBzet80M_5-5-rgb_front,14.239999999999995,23
0tZfBzet80M_6-5-rgb_front,16.620000000000005,40
0tZfBzet80M_8-5-rgb_front,23.010000000000005,63
0tZfBzet80M_9-5-rgb_front,15.39,36
0t_nltnZdsg_2-8-rgb_front,17.59,37
0t_nltnZdsg_6-8-rgb_front,32.64,64
0t_nltnZdsg_7-8-rgb_front,16.070000000000007,28
0tbwqARWKw8_12-4-rgb_front,18.519999999999996,70
0tbwqARWKw8_26-4-rgb_front,32.22000000000003,25
0tbwqARWKw8_8-4-rgb_front,16.25,58
0trr2UC5l5M_6-11-rgb_front,32.71999999999999,46
0trr2UC5l5M_7-11-rgb_front,14.86,27
0txiLtDYAZk_3-11-rgb_front,14.9,29
0txiLtDYAZk_4-11-rgb_front,13.769999999999996,12
0txiLtDYAZk_5-11-rgb_front,17.509999999999998,20
0tyxKl8Uzy4_12-8-rgb_front,14.129999999999995,35
0u83ZskRPt0_11-8-rgb_front,14.009999999999991,46
0u83ZskRPt0_9-8-rgb_front,17.539999999999992,46
0uCaKKqoPSk_13-8-rgb_front,14.800000000000011,54
0uCaKKqoPSk_19-8-rgb_front,24.639999999999986,78
0uCaKKqoPSk_8-8-rgb_front,20.6,94
0uXFGfpBDWc_6-11-rgb_front,13.730000000000004,28
0ur0RX4qJYU_10-11-rgb_front,14.799999999999997,24
0ur0RX4qJYU_2-11-rgb_front,16.79,33
0ur0RX4qJYU_5-11-rgb_front,16.65,24
0ur0RX4qJYU_6-11-rgb_front,13.879999999999995,21
0ur0RX4qJYU_9-11-rgb_front,15.039999999999992,21
0v1XIVZ_GzM_4-8-rgb_front,16.16,61
0v1XIVZ_GzM_7-8-rgb_front,14.910000000000004,38
0vDLEn7zVUA_5-8-rgb_front,31.039999999999992,77
0w7kbbBYrME_7-8-rgb_front,14.64,41
0w7kbbBYrME_8-8-rgb_front,21.409999999999997,37
0wN3i0WqZeQ_2-8-rgb_front,14.780000000000001,42
0wPJGhjnX-s_4-8-rgb_front,14.37,40
0wf7V55xjvQ_3-8-rgb_front,14.310000000000002,42
0wfnuu7s92U_3-5-rgb_front,14.190000000000001,35
0wfnuu7s92U_4-5-rgb_front,20.060000000000002,48
0wfnuu7s92U_5-5-rgb_front,25.810000000000002,56
0wg18YtiA28_10-5-rgb_front,21.540000000000006,48
0wg18YtiA28_13-5-rgb_front,16.80000000000001,51
0wg18YtiA28_5-5-rgb_front,14.829999999999998,31
0wg18YtiA28_8-5-rgb_front,15.200000000000003,33
0wg18YtiA28_9-5-rgb_front,16.659999999999997,24
0wl7gaoJpu0_3-5-rgb_front,32.6,80
0wl7gaoJpu0_4-5-rgb_front,15.599999999999994,38
0wxWnnaOhbM_4-5-rgb_front,26.7,62
0wxWnnaOhbM_8-5-rgb_front,15.599999999999994,22
0x-kl7MK6fc_6-5-rgb_front,14.260000000000005,35
0xAGc82Wq3o_0-5-rgb_front,25.369999999999997,46
0xAGc82Wq3o_5-5-rgb_front,32.37,43
0xVO71Gc-ZA_0-5-rgb_front,24.900000000000002,31
0xVO71Gc-ZA_12-5-rgb_front,24.319999999999993,42
0xVO71Gc-ZA_8-5-rgb_front,15.219999999999999,25
0xh74_xfC5A_14-5-rgb_front,13.689999999999984,44
0xh74_xfC5A_15-5-rgb_front,14.75,35
0xh74_xfC5A_2-5-rgb_front,28.59,64
0xmdaovBNms_5-5-rgb_front,18.459999999999994,34
0xsng2YOhMA_17-5-rgb_front,15.210000000000008,29
0y8f5eLbPho_8-5-rgb_front,18.529999999999994,17
0yIzZP0UGdw_4-8-rgb_front,66.88999999999999,38
0yLGMH8IsQA_1-5-rgb_front,26.659999999999997,31
0yLGMH8IsQA_4-5-rgb_front,19.410000000000004,45
0yLGMH8IsQA_5-5-rgb_front,24.0,41
0ybfW9vFAZ4_16-5-rgb_front,16.75,22
0ybfW9vFAZ4_4-5-rgb_front,21.76,27
0yiQ9NTT6Ek_10-5-rgb_front,16.159999999999997,28
0yiQ9NTT6Ek_6-5-rgb_front,22.580000000000005,46
0yiQ9NTT6Ek_7-5-rgb_front,29.049999999999997,53
0yiQ9NTT6Ek_9-5-rgb_front,18.060000000000002,36
0ymOkVCAqT4_10-5-rgb_front,16.33,34
0yuQhcAGSbs_1-5-rgb_front,19.040000000000003,43
0yuQhcAGSbs_6_7_8_9-5-rgb_front,13.990000000000009,24
0z-gCDC8oOw_1-8-rgb_front,15.92,28
0z-gCDC8oOw_16-8-rgb_front,15.030000000000001,27
0z-gCDC8oOw_19-8-rgb_front,24.570000000000007,39
0z-gCDC8oOw_28-8-rgb_front,17.960000000000008,25
0z19lLIrTv4_1-5-rgb_front,18.82,16
0z19lLIrTv4_3-5-rgb_front,25.949999999999996,33
0z19lLIrTv4_5-5-rgb_front,15.21,33
0zG5l_e5sKU_4-5-rgb_front,17.220000000000006,43
0zG5l_e5sKU_5-5-rgb_front,24.889999999999993,61
0zG5l_e5sKU_6-5-rgb_front,22.38000000000001,60
0zG5l_e5sKU_7-5-rgb_front,22.24000000000001,53
0zG5l_e5sKU_8-5-rgb_front,17.980000000000018,63
0za4Bypd9Y8_3-5-rgb_front,16.729999999999997,41
0za4Bypd9Y8_9-5-rgb_front,15.550000000000011,33
0zkdvbrsm-U_0-5-rgb_front,18.540000000000003,51
0zkdvbrsm-U_1-5-rgb_front,19.28,35
0zkdvbrsm-U_11-5-rgb_front,22.609999999999985,49
0zkdvbrsm-U_6-5-rgb_front,20.349999999999994,39
0zkdvbrsm-U_8-5-rgb_front,18.310000000000002,51
0zzQqETJdi8_22-5-rgb_front,17.290000000000006,12
1--HXyOH4kg_11-5-rgb_front,15.539999999999992,28
1--HXyOH4kg_15-5-rgb_front,16.629999999999995,40
1--HXyOH4kg_16-5-rgb_front,33.079999999999984,47
1--HXyOH4kg_5-5-rgb_front,14.909999999999997,24
1--HXyOH4kg_6-5-rgb_front,15.400000000000006,36
1-2UTIfxWao_0-5-rgb_front,13.89,35
1-2UTIfxWao_10-5-rgb_front,21.090000000000003,38
1-2UTIfxWao_4-5-rgb_front,30.47,59
1-2UTIfxWao_6-5-rgb_front,20.89,31
1-2UTIfxWao_7-5-rgb_front,16.159999999999997,27
1-9KdWON_R0_5-5-rgb_front,14.439999999999998,22
1-9KdWON_R0_8-5-rgb_front,16.39,25
1-QN6nnXLmg_12-5-rgb_front,17.040000000000006,34
1-Ud-q4y1oc_1-5-rgb_front,16.36,39
1-Ud-q4y1oc_2-5-rgb_front,25.110000000000003,42
1-Ud-q4y1oc_5-5-rgb_front,30.210000000000008,55
1-Y7znCfSNs_10-5-rgb_front,15.929999999999993,35
1-Y7znCfSNs_2-5-rgb_front,24.430000000000003,55
1-qDBgSRY7M_5-5-rgb_front,18.809999999999995,45
1028f1LdKHk_0-5-rgb_front,21.41,50
1028f1LdKHk_1-5-rgb_front,34.47,73
1028f1LdKHk_2-5-rgb_front,18.72,71
1028f1LdKHk_3-5-rgb_front,25.870000000000005,43
10SU1bmcfAw_13-5-rgb_front,15.010000000000005,8
10SU1bmcfAw_16-5-rgb_front,17.769999999999996,10
10VGBNxgvSk_1-5-rgb_front,18.259999999999998,26
10VGBNxgvSk_5-5-rgb_front,25.509999999999998,35
10VGBNxgvSk_7-5-rgb_front,20.239999999999995,44
10VglhbVIwI_0-5-rgb_front,20.46,45
10VglhbVIwI_1-5-rgb_front,45.440000000000005,95
10VglhbVIwI_3-5-rgb_front,14.829999999999998,21
10VglhbVIwI_4-5-rgb_front,25.849999999999994,70
10VglhbVIwI_5-5-rgb_front,17.849999999999994,36
10VglhbVIwI_6-5-rgb_front,14.640000000000015,48
10VglhbVIwI_8-5-rgb_front,15.759999999999991,43
10VoWaHH80U_11-5-rgb_front,20.64,35
10VoWaHH80U_21-5-rgb_front,14.129999999999995,29
10VoWaHH80U_8-5-rgb_front,20.489999999999995,20
10d1oeViKYw_10_11_12_13_14-5-rgb_front,19.12,25
10d1oeViKYw_24-5-rgb_front,13.75,26
10i-zHo6pdw_9-8-rgb_front,18.459999999999994,43
11G4WcABMWQ_4-8-rgb_front,13.84,30
11YPOdiY44o_10-8-rgb_front,15.730000000000004,54
11YPOdiY44o_5-8-rgb_front,20.480000000000004,65
11YofC1i8zc_15-8-rgb_front,22.97,21
11aqPfA6Zgo_10-8-rgb_front,14.239999999999995,36
11b-DjymB2M_1-8-rgb_front,30.689999999999998,82
11b-DjymB2M_2-8-rgb_front,17.610000000000007,41
11b-DjymB2M_5-8-rgb_front,36.239999999999995,96
11b-DjymB2M_6-8-rgb_front,16.859999999999985,38
11bX6_dM6UQ_1-8-rgb_front,19.439999999999998,65
11cwpeaDJzc_7-8-rgb_front,19.03,68
11dfT7iY3kI_5-8-rgb_front,15.589999999999996,60
11dfT7iY3kI_8-8-rgb_front,15.870000000000005,35
11nApVmQepI_16-8-rgb_front,22.680000000000007,42
11oEwlBqF2M_13-8-rgb_front,17.349999999999994,50
11whCAUxiQc_0-8-rgb_front,15.79,37
11whCAUxiQc_16-8-rgb_front,13.939999999999998,25
11whCAUxiQc_19-8-rgb_front,19.02000000000001,47
11whCAUxiQc_2-8-rgb_front,16.8,21
11whCAUxiQc_8-8-rgb_front,17.840000000000003,20
11ysPjNRN4Y_15-1-rgb_front,14.219999999999999,33
11ysPjNRN4Y_16-1-rgb_front,14.319999999999993,21
11ysPjNRN4Y_20-1-rgb_front,19.519999999999982,35
11ysPjNRN4Y_7_8-1-rgb_front,17.950000000000003,21
11ysPjNRN4Y_9-1-rgb_front,19.39999999999999,16
1262lUssvGU_1-8-rgb_front,23.1,70
1262lUssvGU_2-8-rgb_front,16.950000000000003,48
1262lUssvGU_4-8-rgb_front,17.42,39
12Awan9AIs4_2-8-rgb_front,16.900000000000002,47
12Q2z61azPg_6-8-rgb_front,14.339999999999996,30
12Y6ujgJ_2Q_20-8-rgb_front,17.89,24
12gp5ivyz5M_7-8-rgb_front,17.439999999999998,49
13SBIjnC5qA_5-8-rgb_front,36.980000000000004,72
13X0vEMNm7M_1-5-rgb_front,20.409999999999997,41
13X0vEMNm7M_16-5-rgb_front,13.810000000000002,23
13X0vEMNm7M_18-5-rgb_front,14.299999999999997,33
13_6CMOhVvo_1-3-rgb_front,17.770000000000003,50
13_6CMOhVvo_2-3-rgb_front,17.099999999999998,39
13_6CMOhVvo_3-3-rgb_front,24.689999999999998,56
13hOu2Rmsf8_1-8-rgb_front,18.680000000000003,18
13hOu2Rmsf8_4-8-rgb_front,13.759999999999998,28
13hOu2Rmsf8_6-8-rgb_front,19.249999999999993,50
13xhoBKaViM_15-8-rgb_front,14.590000000000003,56
13xhoBKaViM_8-8-rgb_front,14.020000000000003,48
146HWl-YGTo_6-8-rgb_front,14.5,24
14PatN6qnsQ_4-8-rgb_front,14.719999999999999,22
14UHnRRd3GM_3-8-rgb_front,21.509999999999998,68
14UHnRRd3GM_5-8-rgb_front,18.96,60
14i542dF6Ps_3-8-rgb_front,19.560000000000002,59
14i542dF6Ps_4-8-rgb_front,24.78,80
14i542dF6Ps_5-8-rgb_front,14.850000000000001,54
14i542dF6Ps_7-8-rgb_front,23.72999999999999,75
15-Lma3_mQ4_11-8-rgb_front,15.41000000000001,41
15-Lma3_mQ4_7-8-rgb_front,25.009999999999998,58
157GUBMm-Yc_2-8-rgb_front,13.940000000000001,39
15HbVwQP1Qw_12-5-rgb_front,26.39999999999999,41
15HbVwQP1Qw_16-5-rgb_front,15.820000000000007,31
15HbVwQP1Qw_19-5-rgb_front,14.25,29
15HbVwQP1Qw_20-5-rgb_front,15.950000000000017,30
15HbVwQP1Qw_7-5-rgb_front,18.35,25
15XTbrrGLDY_11-8-rgb_front,14.990000000000009,40
15XTbrrGLDY_5_6_7_8-8-rgb_front,17.769999999999996,26
15sMl7bHH5s_5-8-rgb_front,14.189999999999998,37
15sMl7bHH5s_8-8-rgb_front,15.14,55
16AA5BXiVGo_0-8-rgb_front,19.009999999999998,42
16AA5BXiVGo_4-8-rgb_front,14.269999999999996,38
16AA5BXiVGo_5-8-rgb_front,15.519999999999996,42
16AA5BXiVGo_8-8-rgb_front,13.969999999999999,39
16AA5BXiVGo_9-8-rgb_front,16.349999999999994,31
16W1jnZzfi4_17-8-rgb_front,15.090000000000003,39
16W1jnZzfi4_21-8-rgb_front,16.590000000000003,45
16W1jnZzfi4_25-8-rgb_front,31.130000000000024,35
16_CbprlCb0_7-8-rgb_front,18.650000000000006,68
16bpLAi_vTM_4-8-rgb_front,16.080000000000002,5
16y-dsX1MDk_1-8-rgb_front,14.69,18
17_gIYmULK8_5-8-rgb_front,14.480000000000004,40
17_gIYmULK8_6-8-rgb_front,13.79,38
17a7OrcTz2k_1-3-rgb_front,17.55,15
17ayMGoQfKw_5-8-rgb_front,15.34,35
17bhb8Eom5g_6-8-rgb_front,19.22,46
17bhb8Eom5g_7-8-rgb_front,14.519999999999996,55
17g6wyytWzs_3-8-rgb_front,23.0,70
17g6wyytWzs_4-8-rgb_front,22.369999999999997,72
17hrR6QZBdU_1-8-rgb_front,17.599999999999998,55
17hrR6QZBdU_15-8-rgb_front,16.019999999999996,46
17hrR6QZBdU_26-8-rgb_front,15.340000000000003,35
17hrR6QZBdU_28-8-rgb_front,14.710000000000008,40
17wK8JXEJvo_1-8-rgb_front,17.96,37
17wK8JXEJvo_11_12-8-rgb_front,46.17,75
17wK8JXEJvo_13-8-rgb_front,18.580000000000013,20
17wK8JXEJvo_5-8-rgb_front,17.119999999999997,31
17wK8JXEJvo_6-8-rgb_front,13.729999999999997,29
1835p3jEejw_13-8-rgb_front,19.769999999999996,55
1835p3jEejw_4-8-rgb_front,19.44,56
18O8TyLgjtg_1-8-rgb_front,18.240000000000002,65
18O8TyLgjtg_13-8-rgb_front,20.140000000000015,74
18PYCeuqUfQ_2-8-rgb_front,34.49,95
18PiUlfjLEQ_7-2-rgb_front,19.259999999999998,43
18c67jsMBxE_4-8-rgb_front,13.979999999999997,39
18c67jsMBxE_7-8-rgb_front,22.429999999999993,38
195T2UrPC8s_1-8-rgb_front,16.46,49
199hEEkd1aU_23-8-rgb_front,24.64,18
19fVNSOqyiY_3-8-rgb_front,16.08,35
19fVNSOqyiY_5-8-rgb_front,16.009999999999998,34
19loES0r7_4_15-8-rgb_front,14.960000000000008,45
19loES0r7_4_17-8-rgb_front,14.100000000000023,37
19loES0r7_4_5-8-rgb_front,15.519999999999996,34
1A1mzX1-l9g_1-8-rgb_front,30.439999999999998,73
1A1mzX1-l9g_3-8-rgb_front,20.32,42
1A1mzX1-l9g_4-8-rgb_front,15.270000000000003,56
1A1mzX1-l9g_6-8-rgb_front,16.870000000000005,34
1A368owTj0E_11-3-rgb_front,16.75,35
1A8BFSmdCoU_5-8-rgb_front,14.3,36
1A8BFSmdCoU_6-8-rgb_front,19.470000000000006,45
1B56XMJ-j1Q_1-8-rgb_front,13.93,37
1BT5ZBdNaOM_0_1-3-rgb_front,19.65,53
1BT5ZBdNaOM_5-3-rgb_front,15.780000000000001,47
1Bo_94uRQ_Q_5-5-rgb_front,22.370000000000005,36
1CR54FShtPE_3-5-rgb_front,20.069999999999997,39
1CR54FShtPE_7-5-rgb_front,17.909999999999997,23
1CR54FShtPE_9-5-rgb_front,28.38000000000001,56
1CZBTc6jzCs_2-5-rgb_front,31.9,75
1CZBTc6jzCs_4-5-rgb_front,57.919999999999995,93
1CeaPJb3z-w_2-5-rgb_front,21.0,31
1CeaPJb3z-w_3-5-rgb_front,34.23,47
1CeaPJb3z-w_4-5-rgb_front,40.16000000000001,61
1CeaPJb3z-w_5-5-rgb_front,15.89,56
1CjA3Xzvd0k_7-5-rgb_front,16.85,37
1Cjb2vNtyho_1-5-rgb_front,17.46,29
1Cjb2vNtyho_2-5-rgb_front,15.43,39
1Cjb2vNtyho_5-5-rgb_front,34.82,65
1CokUs2TOlw_0-5-rgb_front,14.25,31
1CokUs2TOlw_10-5-rgb_front,50.989999999999995,11
1CokUs2TOlw_5-5-rgb_front,17.72999999999999,25
1CokUs2TOlw_8-5-rgb_front,24.53,45
1CsY0C0R2EI_14-5-rgb_front,27.64,15
1CsY0C0R2EI_3-5-rgb_front,14.979999999999999,47
1D0eLAoIDEc_1-5-rgb_front,25.42,29
1D3iMk0Uf_U_0-5-rgb_front,65.11,38
1D3iMk0Uf_U_7-5-rgb_front,53.640000000000015,47
1D3iMk0Uf_U_8-5-rgb_front,57.97999999999999,31
1D4N5VhBMmg_10_11_12_13-5-rgb_front,18.46,28
1D4N5VhBMmg_6-5-rgb_front,14.159999999999997,14
1D7QvuVvBpY_2-5-rgb_front,21.2,38
1D7QvuVvBpY_6-5-rgb_front,17.339999999999996,40
1DAuiP69Xtg_13-5-rgb_front,17.459999999999994,39
1DAuiP69Xtg_16-5-rgb_front,15.549999999999997,37
1DFNcceDcYY_1-5-rgb_front,21.7,8
1DFNcceDcYY_7-5-rgb_front,14.019999999999996,26
1DGKsqNpFqs_12-5-rgb_front,17.19999999999999,22
1DGKsqNpFqs_4-5-rgb_front,28.25,26
1DGKsqNpFqs_5-5-rgb_front,14.149999999999999,39
1DGYl4msYVM_11-5-rgb_front,14.009999999999991,29
1DGYl4msYVM_4-5-rgb_front,26.590000000000003,64
1DGYl4msYVM_8-5-rgb_front,14.560000000000002,35
1DHasvQymT4_1-5-rgb_front,13.76,31
1DHasvQymT4_3-5-rgb_front,16.64,31
1DVNJsslUPw_13-5-rgb_front,22.17,46
1DVNJsslUPw_16-5-rgb_front,21.5,34
1DVNJsslUPw_21-5-rgb_front,16.480000000000018,34
1DVNJsslUPw_3-5-rgb_front,14.879999999999999,23
1DbTAwqof0M_6-5-rgb_front,13.960000000000008,16
1DbTAwqof0M_7-5-rgb_front,15.38000000000001,27
1DbTAwqof0M_8-5-rgb_front,15.52000000000001,29
1Dd3HPlgDWw_1-5-rgb_front,20.119999999999997,41
1Dd3HPlgDWw_14-5-rgb_front,14.969999999999999,37
1Dd3HPlgDWw_15-5-rgb_front,20.939999999999998,48
1Dd3HPlgDWw_18-5-rgb_front,17.47,38
1Dd3HPlgDWw_4-5-rgb_front,15.990000000000002,37
1Dd3HPlgDWw_5-5-rgb_front,22.619999999999997,52
1DgRPcY65Mk_14-5-rgb_front,18.64999999999999,29
1DgRPcY65Mk_2-5-rgb_front,18.740000000000002,40
1E1vnnehwdE_4-5-rgb_front,28.91,29
1E4aT0mJ-V4_2-5-rgb_front,17.720000000000002,40
1E4aT0mJ-V4_4-5-rgb_front,14.239999999999995,27
1E70qW68aZw_10-5-rgb_front,27.22,57
1E70qW68aZw_18-5-rgb_front,20.379999999999995,49
1E70qW68aZw_21-5-rgb_front,26.47,43
1E70qW68aZw_23-5-rgb_front,21.069999999999993,32
1E70qW68aZw_4-5-rgb_front,16.409999999999997,51
1E70qW68aZw_9-5-rgb_front,14.110000000000007,12
1EC-cM1w4sQ_0-5-rgb_front,19.91,49
1EC-cM1w4sQ_2-5-rgb_front,17.909999999999997,58
1EC-cM1w4sQ_3-5-rgb_front,14.57,43
1EC-cM1w4sQ_7-5-rgb_front,30.680000000000007,73
1EHuon_W9C8_6-3-rgb_front,29.6,22
1EPJUu2MN6Q_1-5-rgb_front,23.86,19
1EPJUu2MN6Q_3-5-rgb_front,75.2,24
1EQgj8syKug_3_4-5-rgb_front,18.53,32
1EV7AT_lBno_1-5-rgb_front,16.29,15
1EV7AT_lBno_2-5-rgb_front,15.489999999999998,35
1EV7AT_lBno_53-5-rgb_front,72.78,20
1EVfV97X6iA_12-5-rgb_front,15.820000000000007,32
1EVfV97X6iA_2-5-rgb_front,13.779999999999998,25
1EVfV97X6iA_4-5-rgb_front,17.310000000000002,32
1EVfV97X6iA_5-5-rgb_front,16.609999999999992,28
1EVfV97X6iA_6-5-rgb_front,20.58999999999999,42
1EY3NXNHHhc_13-5-rgb_front,17.33,28
1EY3NXNHHhc_6-5-rgb_front,14.119999999999997,44
1EYhtLj97b8_2-5-rgb_front,14.009999999999998,23
1EYhtLj97b8_6-5-rgb_front,16.840000000000003,29
1EaPhQ-7CsA_7-5-rgb_front,17.189999999999998,29
1EaPhQ-7CsA_8-5-rgb_front,16.060000000000002,34
1EaPhQ-7CsA_9-5-rgb_front,20.5,39
1EeikJuDNao_10-5-rgb_front,16.620000000000005,18
1EeikJuDNao_15-5-rgb_front,24.959999999999994,19
1EeikJuDNao_16-5-rgb_front,16.559999999999974,28
1EeikJuDNao_20-5-rgb_front,21.169999999999987,35
1EidpMNIaJE_3-5-rgb_front,27.73,52
1EidpMNIaJE_6_7-5-rgb_front,29.11,58
1EjirYBswwU_4-5-rgb_front,17.390000000000004,21
1EjirYBswwU_5-5-rgb_front,28.75,48
1EjirYBswwU_6-5-rgb_front,18.08,25
1EjirYBswwU_7-5-rgb_front,24.430000000000007,35
1EkrrxYCFB4_4-5-rgb_front,35.39000000000001,45
1EkrrxYCFB4_5-5-rgb_front,14.260000000000005,21
1EkrrxYCFB4_8-5-rgb_front,14.049999999999997,21
1El9Lb_fT68_10-5-rgb_front,14.460000000000008,13
1El9Lb_fT68_13-5-rgb_front,15.320000000000022,22
1El9Lb_fT68_16_17-5-rgb_front,20.140000000000015,25
1El9Lb_fT68_19-5-rgb_front,22.830000000000013,28
1El9Lb_fT68_3-5-rgb_front,29.64,43
1El9Lb_fT68_7-5-rgb_front,26.840000000000003,33
1Eq8tHs0zGA_11-5-rgb_front,19.150000000000006,28
1Eq8tHs0zGA_7-5-rgb_front,21.319999999999993,34
1EwP7HtNYR4_5-5-rgb_front,25.010000000000005,34
1EwP7HtNYR4_9-5-rgb_front,24.970000000000013,48
1F1WadkaAcI_0_1-5-rgb_front,15.330000000000002,30
1F1WadkaAcI_3-5-rgb_front,13.980000000000004,28
1F1WadkaAcI_30-5-rgb_front,25.319999999999993,51
1F83Rt08qMs_4-5-rgb_front,18.919999999999995,39
1F83Rt08qMs_5-5-rgb_front,17.72,19
1FAMcCdWsZM_13-5-rgb_front,28.17,13
1FClPh-OBvw_3-5-rgb_front,17.17,37
1FGZO3MoD0s_11-5-rgb_front,13.799999999999997,21
1FMpHi-f3WY_1-5-rgb_front,29.240000000000002,13
1FMpHi-f3WY_3-5-rgb_front,15.560000000000002,30
1FStJdud1lQ_11-5-rgb_front,86.03,22
1FStJdud1lQ_17-5-rgb_front,15.820000000000007,21
1FStJdud1lQ_24-5-rgb_front,76.62,22
1G4hF1cV-44_2-5-rgb_front,63.39,28
1G4hF1cV-44_3-5-rgb_front,74.26,120
1GjvLelvNE0_8-5-rgb_front,56.510000000000005,13
1GlHmFJA0LQ_11-8-rgb_front,17.490000000000002,62
1GwUsiOFCHI_0-5-rgb_front,20.12,43
1GwUsiOFCHI_1-5-rgb_front,21.710000000000004,50
1GyeOHDF49k_3-5-rgb_front,20.229999999999997,4
1GyeOHDF49k_9-5-rgb_front,18.9,14
1H-0xMsyUNA_10-5-rgb_front,108.16,38
1H55083VyWI_2-8-rgb_front,17.68,8
1H55083VyWI_6-8-rgb_front,14.340000000000003,24
1I3VIBe5aeE_5-5-rgb_front,50.949999999999996,16
1I3VIBe5aeE_6-5-rgb_front,19.03000000000001,34
1I6c2InPr0A_13-5-rgb_front,21.840000000000003,15
1I6c2InPr0A_2-5-rgb_front,25.090000000000003,3
1I70ko7Kn8E_1-5-rgb_front,20.05,20
1I70ko7Kn8E_2-5-rgb_front,21.520000000000003,35
1I70ko7Kn8E_4-5-rgb_front,14.409999999999997,20
1I70ko7Kn8E_5-5-rgb_front,25.89,41
1I70ko7Kn8E_6-5-rgb_front,14.739999999999995,32
1I7YRWosiJ8_0-5-rgb_front,14.59,34
1I7YRWosiJ8_7-5-rgb_front,15.480000000000004,23
1I7YRWosiJ8_9-5-rgb_front,24.13000000000001,28
1IHiA_6XXrI_12-5-rgb_front,122.62,11
1IKGxa-7JfI_11-5-rgb_front,13.760000000000005,23
1IKGxa-7JfI_19-5-rgb_front,21.700000000000017,54
1IRHEhx1lBs_5-5-rgb_front,39.660000000000004,29
1IRHEhx1lBs_9-5-rgb_front,18.520000000000003,21
1IRJXMx85Rg_12-5-rgb_front,15.680000000000007,58
1IRJXMx85Rg_18-5-rgb_front,67.81,12
1IRJXMx85Rg_2-5-rgb_front,18.869999999999997,6
1IRrpQJQvI4_10-5-rgb_front,14.730000000000004,39
1IRrpQJQvI4_12-5-rgb_front,27.070000000000007,18
1ISBP6Ar-7I_0-5-rgb_front,18.39,36
1ISBP6Ar-7I_1-5-rgb_front,17.110000000000003,30
1ISBP6Ar-7I_2-5-rgb_front,16.090000000000003,30
1ISBP6Ar-7I_4-5-rgb_front,25.569999999999993,46
1ISBP6Ar-7I_5-5-rgb_front,32.09,57
1IYEEiLMaa8_1-5-rgb_front,20.99,20
1IYEEiLMaa8_4-5-rgb_front,19.830000000000005,34
1IYEEiLMaa8_6-5-rgb_front,26.659999999999997,54
1IgRvp7atXE_2-5-rgb_front,22.78,18
1IgRvp7atXE_6-5-rgb_front,16.46,32
1IgRvp7atXE_7-5-rgb_front,35.63000000000001,51
1IgRvp7atXE_9-5-rgb_front,45.23000000000002,8
1Iv4aWWKhxg_1-5-rgb_front,18.97,46
1Iv4aWWKhxg_4-5-rgb_front,19.11,30
1Iv4aWWKhxg_5-5-rgb_front,14.420000000000002,24
1IzJ7lr9J6E_10-3-rgb_front,16.900000000000006,38
1J-XWwbc53M_11-5-rgb_front,86.24,19
1J-XWwbc53M_12-5-rgb_front,16.5,22
1J-XWwbc53M_13-5-rgb_front,37.19,8
1J3UAD2lU-g_3-5-rgb_front,14.700000000000003,18
1J3UAD2lU-g_4-5-rgb_front,22.090000000000003,31
1J3UAD2lU-g_5-5-rgb_front,21.909999999999997,22
1JOWLb-EITs_0-5-rgb_front,82.36999999999999,22
1JfvA3hlnJs_1-5-rgb_front,15.59,21
1JfvA3hlnJs_13-5-rgb_front,14.39,41
1JfvA3hlnJs_16-5-rgb_front,16.76000000000002,45
1JfvA3hlnJs_19-5-rgb_front,17.329999999999984,32
1JfvA3hlnJs_3-5-rgb_front,57.010000000000005,10
1JpaOtF69BM_1-3-rgb_front,25.4,28
1K3GSPm6AKQ_11-5-rgb_front,24.560000000000002,42
1K3GSPm6AKQ_2-5-rgb_front,20.6,23
1KKlZKlWdTM_16-5-rgb_front,14.260000000000005,39
1KOaXtk32g4_6-5-rgb_front,25.33,47
1KWcAgqPvEw_20-5-rgb_front,16.72,24
1KWcAgqPvEw_7-5-rgb_front,66.15,14
1KoWaCTX1jU_18-5-rgb_front,16.659999999999997,26
1KoWaCTX1jU_21-5-rgb_front,20.099999999999994,42
1KoWaCTX1jU_3-5-rgb_front,107.02000000000001,15
1L0GSTIb9Vs_6-5-rgb_front,14.649999999999999,13
1L0GSTIb9Vs_7-5-rgb_front,55.59,22
1L3g6l7j6JA_3-5-rgb_front,26.17,18
1LEWQlRiIDg_10-5-rgb_front,123.15,24
1LQrmzrtOKk_4-5-rgb_front,42.77,22
1LaWSGs87gA_9-5-rgb_front,14.549999999999997,32
1Lm_fpAjM9g_0-5-rgb_front,108.93,36
1MQCIqeTLk0_0-5-rgb_front,22.759999999999998,50
1MQCIqeTLk0_1-5-rgb_front,18.450000000000003,37
1MQCIqeTLk0_2-5-rgb_front,68.29,101
1MQCIqeTLk0_3-5-rgb_front,41.03,63
1MQCIqeTLk0_4-5-rgb_front,14.25,17
1Mh04YZDfVg_3-5-rgb_front,23.140000000000004,18
1Mh04YZDfVg_4-5-rgb_front,18.960000000000008,31
1Mh04YZDfVg_5-5-rgb_front,19.340000000000003,46
1Mn7LZ6xOX4_11-5-rgb_front,14.530000000000001,39
1MpyWS9FaCc_11-5-rgb_front,74.08,23
1MpyWS9FaCc_14-5-rgb_front,20.849999999999994,45
1Mqg8dDpuIs_1-8-rgb_front,18.42,56
1Mqg8dDpuIs_3-8-rgb_front,55.32,28
1MvVj9F775U_10-5-rgb_front,26.53,50
1MvVj9F775U_11-5-rgb_front,18.140000000000015,39
1MvVj9F775U_3-5-rgb_front,15.310000000000002,29
1MvVj9F775U_4-5-rgb_front,23.049999999999997,53
1MvVj9F775U_8-5-rgb_front,26.36,51
1ND0o3AeO1k_0-5-rgb_front,15.48,32
1ND0o3AeO1k_4-5-rgb_front,23.949999999999996,24
1ND0o3AeO1k_8-5-rgb_front,33.07000000000001,44
1NDBxRcroFc_0-5-rgb_front,14.42,34
1NDBxRcroFc_1-5-rgb_front,27.98,36
1NDBxRcroFc_3-5-rgb_front,29.609999999999992,54
1NDBxRcroFc_4-5-rgb_front,25.980000000000004,32
1NDBxRcroFc_6-5-rgb_front,22.53,24
1NDBxRcroFc_9-5-rgb_front,27.350000000000023,11
1NdnCBn6-F4_3-3-rgb_front,20.769999999999996,63
1NdnCBn6-F4_6-3-rgb_front,14.18,31
1NnjqlLI_6s_4-8-rgb_front,20.06,52
1O3BRZq7AYY_10-8-rgb_front,19.330000000000013,61
1O3BRZq7AYY_11-8-rgb_front,16.069999999999993,70
1OURLZ-4Xeo_4-8-rgb_front,15.800000000000004,54
1O_X7NnW-HA_4-5-rgb_front,15.5,28
1P0nCPuAqQU_0-8-rgb_front,15.879999999999999,50
1P0nCPuAqQU_1-8-rgb_front,26.169999999999998,73
1P0nCPuAqQU_3-8-rgb_front,31.22,28
1PESZk6BzQM_2-5-rgb_front,24.06,38
1PESZk6BzQM_3-5-rgb_front,16.380000000000003,24
1PESZk6BzQM_4-5-rgb_front,17.099999999999994,44
1Pm6ty_JrpU_2-3-rgb_front,34.81,88
1PwvyT44-uE_18-8-rgb_front,32.120000000000005,77
1PwvyT44-uE_23_24-8-rgb_front,34.16999999999999,92
1PwvyT44-uE_3-8-rgb_front,22.119999999999997,40
1QBezkHsXd4_23-8-rgb_front,16.179999999999993,51
1QEuGAGkxjg_3-5-rgb_front,14.699999999999996,22
1QEuGAGkxjg_5-5-rgb_front,18.78,30
1QEuGAGkxjg_8-5-rgb_front,14.480000000000004,39
1QIHG8XLXHg_11-5-rgb_front,19.230000000000004,37
1QJtPze0F3k_5-8-rgb_front,21.88,25
1QQov46Mmvo_2-5-rgb_front,16.84,34
1QQov46Mmvo_5-5-rgb_front,20.909999999999997,39
1QQov46Mmvo_7-5-rgb_front,13.930000000000007,31
1QT8l93Llx8_5-5-rgb_front,17.89,38
1QcVn72JzLw_9-5-rgb_front,25.42000000000001,42
1QeMNh_DAqo_39-5-rgb_front,29.25,28
1QeMNh_DAqo_3_4-5-rgb_front,19.01,33
1REXebJzhBs_13-5-rgb_front,14.189999999999998,23
1RKbOiQngXo_11-5-rgb_front,17.0,24
1RKbOiQngXo_5-5-rgb_front,25.550000000000004,45
1RKg0FfW0To_1-5-rgb_front,13.900000000000002,32
1RKg0FfW0To_11-5-rgb_front,16.099999999999994,32
1RKg0FfW0To_12-5-rgb_front,18.409999999999997,40
1RKg0FfW0To_13-5-rgb_front,16.22999999999999,32
1RKg0FfW0To_14-5-rgb_front,18.180000000000007,34
1RKg0FfW0To_15-5-rgb_front,14.329999999999984,25
1RKg0FfW0To_2-5-rgb_front,18.95,46
1RKg0FfW0To_4-5-rgb_front,13.79,32
1RgGCJ0hw6k_0-5-rgb_front,22.12,36
1RgGCJ0hw6k_18-5-rgb_front,21.180000000000007,57
1Rk3pC7_MMQ_8-5-rgb_front,15.380000000000003,34
1Rk3pC7_MMQ_9-5-rgb_front,14.159999999999997,35
1RvUSobtOfk_6_7_8-5-rgb_front,27.50999999999999,50
1Rvc-TbUBJ0_15-5-rgb_front,15.86,40
1Rvc-TbUBJ0_16-5-rgb_front,14.420000000000002,28
1RxYvOvKHkU_0-5-rgb_front,19.880000000000003,42
1RxYvOvKHkU_15-5-rgb_front,20.47,53
1RxYvOvKHkU_16-5-rgb_front,18.69999999999999,39
1S-FjorJFpI_4-5-rgb_front,14.39,29
1S-FjorJFpI_6-5-rgb_front,15.119999999999997,38
1S-FjorJFpI_8-5-rgb_front,22.75,58
1S-FjorJFpI_9-5-rgb_front,22.950000000000003,55
1SMnc4uRVLo_14-5-rgb_front,23.03,32
1SPQ72XcQ6U_8-5-rgb_front,14.030000000000001,29
1SkWAa61esQ_10-5-rgb_front,14.349999999999994,31
1SkWAa61esQ_4-5-rgb_front,17.47,52
1SmCdI9u3Sg_6-5-rgb_front,31.799999999999997,36
1SmCdI9u3Sg_7-5-rgb_front,18.30000000000001,57
1SmCdI9u3Sg_8-5-rgb_front,15.33999999999999,30
1SokWkmngI8_15-5-rgb_front,31.200000000000003,32
1SokWkmngI8_7-5-rgb_front,13.850000000000001,34
1SokWkmngI8_8-5-rgb_front,14.399999999999991,37
1SozYg3ZXKM_13-5-rgb_front,26.539999999999992,44
1SozYg3ZXKM_9-5-rgb_front,14.570000000000007,26
1SwTfvvyM_Y_8-5-rgb_front,26.840000000000003,58
1T2EUqlbTtk_10-5-rgb_front,14.89,18
1T7lJGCShG0_15-5-rgb_front,16.230000000000004,33
1T7lJGCShG0_21-5-rgb_front,17.870000000000005,22
1T7lJGCShG0_7-5-rgb_front,15.329999999999998,42
1TA-Rdz7HfY_0-5-rgb_front,24.24,50
1TA-Rdz7HfY_1-5-rgb_front,20.259999999999998,42
1TA-Rdz7HfY_2-5-rgb_front,18.92,22
1TB2EBT2WQI_11-5-rgb_front,29.83,30
1TB2EBT2WQI_4-5-rgb_front,15.229999999999997,36
1TB2EBT2WQI_8-5-rgb_front,13.739999999999995,31
1TB2EBT2WQI_9-5-rgb_front,21.53,33
1TU3WpD2Oj0_10-5-rgb_front,20.739999999999995,36
1TU3WpD2Oj0_11-5-rgb_front,14.870000000000005,30
1TU3WpD2Oj0_12-5-rgb_front,19.150000000000006,36
1TU3WpD2Oj0_13-5-rgb_front,16.80000000000001,30
1TU3WpD2Oj0_14-5-rgb_front,15.189999999999998,26
1TU3WpD2Oj0_18-5-rgb_front,14.030000000000001,15
1TU3WpD2Oj0_22-5-rgb_front,19.43999999999997,50
1TU3WpD2Oj0_24-5-rgb_front,26.159999999999968,51
1TU3WpD2Oj0_9-5-rgb_front,22.150000000000006,47
1TUhpDtbOck_6-5-rgb_front,16.19,33
1Th9xt0UCkE_1-5-rgb_front,23.72,50
1Th9xt0UCkE_3-5-rgb_front,31.510000000000005,63
1Th9xt0UCkE_4-5-rgb_front,16.269999999999996,34
1Th9xt0UCkE_5-5-rgb_front,21.0,51
1Th9xt0UCkE_6-5-rgb_front,63.47,113
1TouL5IyldE_3-5-rgb_front,32.699999999999996,88
1TsfCQyFt1A_8-5-rgb_front,15.79,29
1TulVSuotyY_7-5-rgb_front,17.86,45
1Tvy-LEjj0w_2-5-rgb_front,25.02,54
1Tvy-LEjj0w_4-5-rgb_front,23.559999999999995,52
1Tvy-LEjj0w_6-5-rgb_front,14.650000000000006,33
1Ty3qyrcp-I_17-5-rgb_front,13.659999999999997,18
1UAQ4pUqRwo_4-3-rgb_front,14.36,37
1UB3Hyum1m4_23-5-rgb_front,16.17999999999998,30
1UBFtrCAL1c_9-5-rgb_front,22.86999999999999,48
1UD6MhuYox0_2-5-rgb_front,30.040000000000003,45
1UEZfuSvYuA_7-5-rgb_front,15.360000000000007,45
1UEZfuSvYuA_8-5-rgb_front,17.47,53
1UPmMYcFIWM_6-5-rgb_front,33.13,40
1UPmMYcFIWM_9-5-rgb_front,20.940000000000012,37
1UWz92TxRLA_1-5-rgb_front,27.23,38
1UWz92TxRLA_10-5-rgb_front,18.870000000000005,40
1UWz92TxRLA_11-5-rgb_front,15.230000000000004,33
1UWz92TxRLA_2-5-rgb_front,18.160000000000004,37
1UhvxT9ri7U_3-5-rgb_front,16.619999999999997,52
1UhvxT9ri7U_4-5-rgb_front,15.100000000000001,48
1Ull4-M-sh8_2-5-rgb_front,14.969999999999999,32
1Ull4-M-sh8_6_7-5-rgb_front,23.310000000000002,33
1UvJ0mvrOPw_25-5-rgb_front,20.159999999999997,28
1UvJ0mvrOPw_28-5-rgb_front,17.789999999999992,15
1UvJ0mvrOPw_29-5-rgb_front,31.939999999999998,44
1UvxqsvKq3o_4-5-rgb_front,23.6,58
1UvxqsvKq3o_5-5-rgb_front,13.68,27
1V7ct19BMBE_0_1-3-rgb_front,23.99,54
1V7ct19BMBE_11-3-rgb_front,21.47,57
1V7ct19BMBE_3-3-rgb_front,21.07,63
1V7ct19BMBE_6-3-rgb_front,16.67,36
1V7ct19BMBE_8-3-rgb_front,18.67,53
1VQZlvupNgo_16-5-rgb_front,32.05000000000001,73
1VQZlvupNgo_17-5-rgb_front,20.26000000000002,43
1VQZlvupNgo_18-5-rgb_front,16.26000000000002,32
1VQZlvupNgo_4-5-rgb_front,18.12,37
1VQZlvupNgo_5-5-rgb_front,16.82,31
1VQZlvupNgo_6-5-rgb_front,25.71,68
1VbIAziTNoE_19_20-5-rgb_front,20.78,43
1VmLO8XFzqE_0-5-rgb_front,28.810000000000002,65
1VmLO8XFzqE_5-5-rgb_front,20.65,22
1Vofqi_ZdaU_3_4-5-rgb_front,40.38,74
1Vofqi_ZdaU_5-5-rgb_front,39.129999999999995,71
1VrnikyRfO0_7-5-rgb_front,14.509999999999998,30
1W4YokNwUtY_15-5-rgb_front,15.490000000000009,25
1W4YokNwUtY_9-5-rgb_front,22.86999999999999,21
1WGejpkD8ns_0-5-rgb_front,22.080000000000002,16
1WGejpkD8ns_7-5-rgb_front,18.319999999999993,33
1WGejpkD8ns_8-5-rgb_front,17.61,21
1WIZH2vgOJE_0-5-rgb_front,18.43,37
1WIZH2vgOJE_10-5-rgb_front,14.14,32
1WIZH2vgOJE_11_12-5-rgb_front,16.560000000000002,36
1WUTV5ttnjg_1-5-rgb_front,16.279999999999998,27
1WUTV5ttnjg_3-5-rgb_front,16.94,28
1WUTV5ttnjg_4-5-rgb_front,18.059999999999995,35
1WUTV5ttnjg_6-5-rgb_front,19.840000000000003,47
1WWRpyZXTnU_1-5-rgb_front,17.18,29
1WWRpyZXTnU_2-5-rgb_front,13.830000000000002,43
1WWRpyZXTnU_9-5-rgb_front,21.539999999999992,62
1WZGAIBhaPs_10-5-rgb_front,26.189999999999998,61
1WZGAIBhaPs_17-5-rgb_front,22.639999999999986,54
1WZGAIBhaPs_6-5-rgb_front,17.369999999999997,44
1XE5LtnrkWk_0_1-5-rgb_front,20.65,34
1XVFT7Xyk00_0-5-rgb_front,28.36,52
1XVFT7Xyk00_10-5-rgb_front,24.000000000000014,35
1XVFT7Xyk00_3-5-rgb_front,20.880000000000003,41
1XVcFJ97QQs_4-8-rgb_front,18.18,25
1XVcFJ97QQs_9-8-rgb_front,18.230000000000004,40
1Xj_2_6v1O0_5-8-rgb_front,19.790000000000006,37
1XscSoKf558_1-8-rgb_front,22.729999999999997,69
1XscSoKf558_2-8-rgb_front,20.330000000000002,55
1XscSoKf558_7-8-rgb_front,20.980000000000004,59
1XzuqBmJxK4_1_2-8-rgb_front,19.4,33
1XzuqBmJxK4_6-8-rgb_front,16.82,39
1XzuqBmJxK4_9-8-rgb_front,27.739999999999995,63
1Y3Ruxz7AUw_1-8-rgb_front,14.68,53
1Y3Ruxz7AUw_10-8-rgb_front,15.66000000000001,48
1Y3Ruxz7AUw_12-8-rgb_front,15.72999999999999,60
1Y3zGxJShdA_3-8-rgb_front,19.7,37
1Y3zGxJShdA_7-8-rgb_front,14.429999999999993,18
1YAa5_d-zg0_11-8-rgb_front,21.24000000000001,28
1YAa5_d-zg0_2-8-rgb_front,26.389999999999997,52
1YAa5_d-zg0_4-8-rgb_front,15.25,66
1YAa5_d-zg0_7-8-rgb_front,15.590000000000003,30
1YKBEpMNuWE_0-8-rgb_front,20.6,45
1YKBEpMNuWE_3-8-rgb_front,17.619999999999997,47
1YR0GF3vd4w_10-8-rgb_front,19.370000000000005,62
1YZI_p9Xbh8_6-8-rgb_front,17.559999999999995,48
1YmFWc521pE_1-8-rgb_front,15.96,28
1YnA7Iv3oJ8_7-8-rgb_front,26.629999999999995,89
1ZF-GpZ0ofw_8-5-rgb_front,14.360000000000007,28
1ZReTq9V2RI_3-8-rgb_front,15.080000000000002,29
1ZReTq9V2RI_5-8-rgb_front,15.630000000000003,40
1ZU0GLcgAjQ_2-8-rgb_front,18.05,50
1ZU0GLcgAjQ_6-8-rgb_front,16.210000000000008,49
1ZU0GLcgAjQ_7_8-8-rgb_front,27.019999999999996,103
1ZWGv-_yKrU_1-8-rgb_front,19.18,18
1Zk7y3MjuU4_2-8-rgb_front,15.980000000000004,56
1Zk7y3MjuU4_6-8-rgb_front,18.15,70
1_7KwjlgBVw_3-8-rgb_front,14.18,23
1_VJ7epZJAg_4-8-rgb_front,24.620000000000005,51
1__H9MDl590_2-8-rgb_front,23.869999999999997,48
1__H9MDl590_5-8-rgb_front,13.800000000000004,40
1_j3bP8UnZg_6-8-rgb_front,17.11,46
1_ydoQEkeWA_2-8-rgb_front,15.559999999999995,50
1aRNY8wFqa0_20-8-rgb_front,13.939999999999998,44
1aRNY8wFqa0_30-8-rgb_front,13.919999999999987,43
1apM-bFiM8g_4-8-rgb_front,17.490000000000002,29
1awFFHJpOoU_4-8-rgb_front,20.279999999999998,69
1awFFHJpOoU_5-8-rgb_front,20.730000000000004,72
1b3UpS1gD2k_5_6-8-rgb_front,22.989999999999995,57
1b7CDv-Ssuw_17-8-rgb_front,21.389999999999986,55
1bYIR6SR9Qs_2-8-rgb_front,15.76,35
1bYIR6SR9Qs_9-8-rgb_front,17.72999999999999,52
1bjHvgrcZu4_2-8-rgb_front,15.369999999999997,35
1bjHvgrcZu4_3-8-rgb_front,14.380000000000003,32
1bjHvgrcZu4_6-8-rgb_front,25.279999999999994,68
1bm6Ur4Z4BQ_10-8-rgb_front,25.080000000000005,76
1bz6oY731gQ_5-8-rgb_front,18.469999999999995,51
1bz6oY731gQ_6-8-rgb_front,16.32,39
1c9hnVZvojI_5_6_7-8-rgb_front,16.580000000000002,47
1cDoGd8wPfw_18-5-rgb_front,14.160000000000004,6
1cJeKNsDit4_7-8-rgb_front,18.240000000000002,57
1cUIexb0ELM_6-8-rgb_front,20.78,45
1cZMGr3-y6A_0-8-rgb_front,14.41,36
1cZMGr3-y6A_2-8-rgb_front,20.360000000000003,55
1cZMGr3-y6A_3-8-rgb_front,14.920000000000002,52
1cZMGr3-y6A_6-8-rgb_front,15.780000000000001,53
1cbTN8a73zo_10-5-rgb_front,16.769999999999996,27
1cbTN8a73zo_12-5-rgb_front,23.08999999999999,48
1cbTN8a73zo_4-5-rgb_front,16.85,35
1cj15Is-Wjs_8-8-rgb_front,14.070000000000007,26
1d1uWUUHJZQ_6-3-rgb_front,17.379999999999995,44
1d5AvOuQAUQ_7-8-rgb_front,14.679999999999993,34
1dCbeG4mwVk_6-8-rgb_front,15.050000000000004,40
1dFd3NYkINQ_13-8-rgb_front,17.230000000000004,33
1dFd3NYkINQ_3-8-rgb_front,13.629999999999999,26
1dFd3NYkINQ_5-8-rgb_front,14.870000000000005,24
1dJbYUmWpSY_15-8-rgb_front,15.389999999999986,49
1dJbYUmWpSY_7-8-rgb_front,13.880000000000003,32
1e2wDf5R_zk_0-8-rgb_front,15.379999999999999,36
1e2wDf5R_zk_5-8-rgb_front,22.229999999999997,55
1e2wDf5R_zk_8-8-rgb_front,17.379999999999995,37
1eCzLIfdH2o_7-8-rgb_front,18.080000000000005,33
1eFlDHpjPNI_2_3_4_5-8-rgb_front,16.61,32
1eJMq87Wk94_4-3-rgb_front,16.85,24
1eZfIr9oNZo_2-8-rgb_front,27.97,105
1eZfIr9oNZo_3-8-rgb_front,23.309999999999995,42
1ei1kVTw23A_4-8-rgb_front,14.84,41
1ei1kVTw23A_9-8-rgb_front,15.879999999999995,39
1ewpH9xB6wA_1-8-rgb_front,19.31,20
1ewpH9xB6wA_2-8-rgb_front,13.73,33
1ewpH9xB6wA_5-8-rgb_front,14.329999999999998,57
1f-Aw3Mq894_1-8-rgb_front,29.47,48
1f-Aw3Mq894_3-8-rgb_front,13.96,35
1fQY7Nu35ZY_4-5-rgb_front,13.799999999999997,22
1fQY7Nu35ZY_6-5-rgb_front,15.47999999999999,3
1fZfM65z0zk_11-8-rgb_front,22.67,63
1fZfM65z0zk_18-8-rgb_front,17.610000000000014,47
1fdMM1LuAsY_12-8-rgb_front,13.659999999999997,34
1fdMM1LuAsY_17-8-rgb_front,15.760000000000005,23
1fdWdKorgkA_4-8-rgb_front,15.160000000000004,41
1furuv5lJ4Q_5-8-rgb_front,48.39,23
1g8yWLfws8I_13-8-rgb_front,17.36,21
1g93sGtZViI_10-8-rgb_front,13.730000000000004,43
1g93sGtZViI_7-8-rgb_front,15.469999999999999,41
1gDezSEPi_o_6-8-rgb_front,28.23,17
1gjp23WV368_6-8-rgb_front,14.869999999999997,38
1glVsfq3zG8_7-8-rgb_front,20.789999999999992,38
1gycdY2pcYc_10-11-rgb_front,17.460000000000008,15
1gycdY2pcYc_11-11-rgb_front,14.789999999999992,42
1gycdY2pcYc_12-11-rgb_front,28.700000000000003,3
1gycdY2pcYc_14-11-rgb_front,13.859999999999985,18
1gycdY2pcYc_2-11-rgb_front,32.99,39
1h0-Yi_Swbw_10-8-rgb_front,23.939999999999998,65
1h0-Yi_Swbw_7-8-rgb_front,24.880000000000003,65
1h1YkisCV_A_1-8-rgb_front,28.95,55
1h1YkisCV_A_5-8-rgb_front,13.799999999999997,45
1h1YkisCV_A_7-8-rgb_front,18.53,77
1h3mvQDZnBw_22-8-rgb_front,17.730000000000018,44
1hIoLzfQJdY_2-11-rgb_front,55.099999999999994,63
1hIoLzfQJdY_3-11-rgb_front,16.400000000000006,20
1hIoLzfQJdY_5-11-rgb_front,18.72,30
1hMYxtfhrzw_5-3-rgb_front,15.320000000000004,45
1hMYxtfhrzw_8-3-rgb_front,15.019999999999996,46
1i3DinytEDE_6-8-rgb_front,14.7,44
1iJg1Tm5Q1w_6-8-rgb_front,16.54,36
1iJg1Tm5Q1w_8-8-rgb_front,19.120000000000005,46
1iNZfYho0yc_4-11-rgb_front,48.349999999999994,48
1iNZfYho0yc_5-11-rgb_front,20.260000000000005,11
1iQ5DtFbgT4_1-8-rgb_front,14.870000000000001,16
1ib_NnOrt6A_11-8-rgb_front,13.71,40
1ib_NnOrt6A_20-8-rgb_front,14.969999999999999,45
1ib_NnOrt6A_9_10-8-rgb_front,15.969999999999999,46
1idQRo9LJr4_2-11-rgb_front,41.839999999999996,46
1idQRo9LJr4_3-11-rgb_front,21.129999999999995,40
1idQRo9LJr4_4-11-rgb_front,27.120000000000005,36
1idQRo9LJr4_5-11-rgb_front,16.33,31
1idQRo9LJr4_6-11-rgb_front,15.72999999999999,27
1imaK8eDk5Q_6-8-rgb_front,21.830000000000005,69
1inaLz6I4pE_1-11-rgb_front,18.04,32
1inaLz6I4pE_3-11-rgb_front,17.50999999999999,35
1inaLz6I4pE_5-11-rgb_front,16.299999999999997,21
1j2bqO1pxwQ_1-5-rgb_front,15.28,24
1j2bqO1pxwQ_6-5-rgb_front,14.049999999999997,32
1jREUW8hcAY_5-8-rgb_front,21.740000000000002,46
1jVOx59INmU_17-11-rgb_front,20.700000000000017,49
1jVOx59INmU_4-11-rgb_front,17.300000000000004,18
1jVOx59INmU_6_7_8-11-rgb_front,41.09,33
1jWbf4jhzGA_2-8-rgb_front,17.419999999999998,53
1jWbf4jhzGA_4-8-rgb_front,22.14,31
1jWbf4jhzGA_5_6_7-8-rgb_front,18.0,47
1jYZFgVz9YM_5-8-rgb_front,16.740000000000002,37
1jeK8PkhsR4_19_20_21-8-rgb_front,13.870000000000005,26
1jzAlQtJpcA_3-8-rgb_front,16.959999999999997,61
1kABqM38yjw_3-8-rgb_front,31.090000000000003,86
1kABqM38yjw_5-8-rgb_front,16.150000000000006,44
1kBYCMFljLM_7-8-rgb_front,22.79,42
1kMcBHJ2IPM_11-8-rgb_front,14.590000000000003,50
1kMcBHJ2IPM_12-8-rgb_front,16.939999999999998,58
1kMcBHJ2IPM_15-8-rgb_front,23.599999999999994,24
1kMcBHJ2IPM_6-8-rgb_front,17.259999999999998,66
1l6MC-9BQa0_18-5-rgb_front,13.640000000000015,20
1l6MC-9BQa0_35-5-rgb_front,17.789999999999992,39
1lCah99RqJg_3-8-rgb_front,15.649999999999999,44
1lSZAzOSNGs_6-8-rgb_front,14.969999999999999,37
1lkC3y2g5do_0-8-rgb_front,14.059999999999999,41
1lkC3y2g5do_2-8-rgb_front,15.790000000000003,49
1lkC3y2g5do_9-8-rgb_front,15.879999999999995,53
1mR-3aBnMFo_13-8-rgb_front,19.080000000000013,35
1mR-3aBnMFo_3-8-rgb_front,26.45,75
1mR-3aBnMFo_5-8-rgb_front,27.689999999999998,57
1mR-3aBnMFo_8-8-rgb_front,13.909999999999997,41
1menLPb7ysc_2-11-rgb_front,19.21,55
1menLPb7ysc_3-11-rgb_front,14.089999999999996,40
1miDA8brjnI_14-11-rgb_front,15.259999999999991,32
1miDA8brjnI_5-11-rgb_front,16.019999999999996,46
1miDA8brjnI_7_8_9-11-rgb_front,23.849999999999994,64
1mq3cb7aA-Q_5-3-rgb_front,14.77,48
1mq3cb7aA-Q_6-3-rgb_front,14.339999999999996,60
1mwoIGLRHck_9-11-rgb_front,22.55000000000001,45
1nAiestkr0Q_14-11-rgb_front,14.619999999999997,47
1nAiestkr0Q_16-11-rgb_front,23.67,77
1nAiestkr0Q_8-11-rgb_front,22.009999999999998,78
1nGl_Zl6zvw_10-11-rgb_front,13.64,43
1naXxInoJBU_5-8-rgb_front,14.690000000000001,25
1nnhZvWBE44_4-11-rgb_front,16.740000000000002,28
1nnhZvWBE44_7-11-rgb_front,24.189999999999998,46
1nnhZvWBE44_8-11-rgb_front,31.179999999999993,58
1oASaT1qCwc_2-3-rgb_front,14.579999999999998,37
1oJm9P-j4pc_1-11-rgb_front,16.8,20
1oJm9P-j4pc_3-11-rgb_front,18.689999999999998,25
1oJm9P-j4pc_7-11-rgb_front,20.19999999999999,28
1oJm9P-j4pc_9-11-rgb_front,19.980000000000004,24
1oUPuXTsifY_11-8-rgb_front,20.99000000000001,34
1oUPuXTsifY_2-8-rgb_front,15.919999999999998,32
1oUPuXTsifY_5-8-rgb_front,25.03,65
1oUPuXTsifY_6-8-rgb_front,22.83999999999999,49
1oXGJIpW3h8_1-11-rgb_front,15.510000000000002,17
1oXGJIpW3h8_11-11-rgb_front,19.28,27
1oXGJIpW3h8_3-11-rgb_front,26.300000000000004,32
1oXGJIpW3h8_4-11-rgb_front,18.720000000000006,30
1oXGJIpW3h8_8-11-rgb_front,17.799999999999997,27
1olaFIqQ10A_1-8-rgb_front,13.680000000000001,54
1ovWfK_k3-Q_10-8-rgb_front,16.620000000000005,60
1p2RAtkTCxY_0-11-rgb_front,50.050000000000004,66
1p2RAtkTCxY_3-11-rgb_front,44.510000000000005,53
1p2RAtkTCxY_4-11-rgb_front,46.980000000000004,48
1p2yqU9kWnw_6-8-rgb_front,14.910000000000004,25
1pBXuCxJKx8_7-8-rgb_front,13.719999999999999,49
1pHupPNh9OE_0-11-rgb_front,15.490000000000002,28
1pHupPNh9OE_1-11-rgb_front,22.290000000000003,33
1pHupPNh9OE_3-11-rgb_front,21.04,21
1pHupPNh9OE_4-11-rgb_front,18.599999999999994,16
1pHupPNh9OE_5-11-rgb_front,16.36999999999999,13
1pHupPNh9OE_8-11-rgb_front,27.94999999999999,21
1pPAkrfqnHg_11-8-rgb_front,14.509999999999998,46
1pPAkrfqnHg_16-8-rgb_front,14.199999999999989,34
1pS3OghYuaA_3-8-rgb_front,13.749999999999996,39
1pWVfHd-Nwc_5-8-rgb_front,13.739999999999998,29
1pd6CDNcuEM_3-11-rgb_front,18.65,23
1pd6CDNcuEM_5-11-rgb_front,14.659999999999997,19
1pd6CDNcuEM_6-11-rgb_front,32.17000000000001,43
1ptcPCWBvBc_1-8-rgb_front,15.379999999999995,31
1ptcPCWBvBc_2-8-rgb_front,14.800000000000004,34
1pycas4XL9U_1-11-rgb_front,26.71,36
1pycas4XL9U_10-11-rgb_front,36.34,47
1pycas4XL9U_11-11-rgb_front,17.340000000000003,28
1pycas4XL9U_4-11-rgb_front,19.67,30
1pycas4XL9U_6-11-rgb_front,16.5,21
1qBxhsvMUps_11-8-rgb_front,22.97,78
1qBxhsvMUps_3-8-rgb_front,16.839999999999996,58
1qMpH_7FL68_10-8-rgb_front,14.0,22
1qNsErmkIiU_10-3-rgb_front,14.119999999999997,16
1qQEz4pbQkM_0-11-rgb_front,29.939999999999998,68
1qQEz4pbQkM_10-11-rgb_front,17.330000000000013,19
1qQEz4pbQkM_13-11-rgb_front,42.19,85
1qQEz4pbQkM_6-11-rgb_front,16.86,22
1qQEz4pbQkM_7-11-rgb_front,25.61,45
1qQEz4pbQkM_8-11-rgb_front,16.700000000000003,19
1qYHdB1eWQc_10-8-rgb_front,18.03,35
1qksnbHvJLY_11_12_13-8-rgb_front,24.409999999999997,73
1qksnbHvJLY_9-8-rgb_front,19.25,37
1r9BuA9JwsY_1-11-rgb_front,30.98,43
1rT2MDvamqU_5-8-rgb_front,14.519999999999996,46
1retf-icZlQ_10-8-rgb_front,18.820000000000007,33
1retf-icZlQ_5-8-rgb_front,23.650000000000002,62
1rlbYioN5IA_6-8-rgb_front,26.92,53
1roNMBxogDE_14-8-rgb_front,25.28,54
1roNMBxogDE_4-8-rgb_front,26.17,61
1rq9N3m6QR8_4-8-rgb_front,21.97,40
1s1TPdCUvhQ_5_6_7-8-rgb_front,16.699999999999996,43
1s7e4sHQiAs_12-8-rgb_front,15.039999999999992,45
1s7e4sHQiAs_7-8-rgb_front,15.060000000000002,28
1sIQ1SMNHqM_10-8-rgb_front,13.970000000000013,25
1sIQ1SMNHqM_16-8-rgb_front,21.109999999999985,47
1sIQ1SMNHqM_20-8-rgb_front,16.099999999999994,45
1sIQ1SMNHqM_27-8-rgb_front,14.199999999999989,23
1sg84_vTrqg_15-8-rgb_front,13.929999999999993,34
1sg84_vTrqg_5-8-rgb_front,18.160000000000004,38
1szb5o0HENU_10-8-rgb_front,14.120000000000005,16
1t4zyrqIw1s_4-8-rgb_front,22.090000000000003,55
1t4zyrqIw1s_5-8-rgb_front,24.86,13
1tIp58DN8Nw_2-5-rgb_front,21.55,47
1tIp58DN8Nw_4-5-rgb_front,14.279999999999998,33
1th1WRwLP30_12-8-rgb_front,14.570000000000007,44
1th1WRwLP30_9-8-rgb_front,14.670000000000002,35
1thCOHYInqk_2-8-rgb_front,19.45,34
1thCOHYInqk_4-8-rgb_front,26.599999999999994,78
1thCOHYInqk_5-8-rgb_front,14.519999999999996,38
1tmG7yRZ4E0_1-8-rgb_front,33.62,70
1tuyCqcTmD8_2-5-rgb_front,13.809999999999999,36
1uXVMh-7lmI_14-8-rgb_front,18.110000000000014,50
1uXVMh-7lmI_16-8-rgb_front,29.590000000000003,90
1uXVMh-7lmI_17-8-rgb_front,31.95999999999998,111
1uXVMh-7lmI_3-8-rgb_front,13.75,30
1uXVMh-7lmI_6-8-rgb_front,19.319999999999993,66
1uXVMh-7lmI_7-8-rgb_front,23.519999999999996,80
1uXVMh-7lmI_8-8-rgb_front,33.34000000000002,92
1udh8eAH5Es_10-8-rgb_front,21.900000000000006,30
1udh8eAH5Es_3-8-rgb_front,18.5,48
1udh8eAH5Es_6-8-rgb_front,14.049999999999997,32
1udh8eAH5Es_8-8-rgb_front,22.53,56
1wa2jHu3Jj4_8-8-rgb_front,17.950000000000003,54
1wefeqn5EMk_16-8-rgb_front,15.709999999999994,26
1wtSe0nk5Tk_7-8-rgb_front,17.509999999999998,35
1xKU91ggLeI_11-5-rgb_front,14.549999999999997,36
1xKU91ggLeI_9-5-rgb_front,17.480000000000004,38
1xl3MOjKX84_3-8-rgb_front,14.93,42
1xl3MOjKX84_5-8-rgb_front,45.690000000000005,21
1yEMYc7n3dU_10-8-rgb_front,54.71,20
1yEMYc7n3dU_13-8-rgb_front,21.240000000000002,58
1yEMYc7n3dU_20-8-rgb_front,14.820000000000007,11
1yckSw3bsVs_0-8-rgb_front,33.25,30
1yckSw3bsVs_5-8-rgb_front,21.129999999999995,25
1ypYKgSPHkA_2-8-rgb_front,14.97,45
1zAgxIlYtwM_1-8-rgb_front,19.29,16
1zAgxIlYtwM_11-8-rgb_front,74.03999999999999,12
1zEwB1EoDZw_5-8-rgb_front,54.5,19
1zQYQrcYbrs_4-5-rgb_front,94.11,18
2-2lfoZ24hE_3-8-rgb_front,15.3,33
2-JvO5SCsCc_0-8-rgb_front,15.45,47
2-JvO5SCsCc_13-8-rgb_front,13.689999999999998,36
2-c2l2JnRBU_2-8-rgb_front,14.010000000000002,25
2-cWDidthtI_11-8-rgb_front,14.560000000000002,38
2-hvU0YdLRY_7_8-8-rgb_front,19.449999999999996,62
2-vVTACa76o_3-8-rgb_front,26.54,8
2-vXO7MMLJc_12-5-rgb_front,18.080000000000013,21
2-vXO7MMLJc_13-5-rgb_front,14.370000000000005,24
2-vXO7MMLJc_3-5-rgb_front,14.9,29
2-vXO7MMLJc_4-5-rgb_front,19.400000000000002,37
2-vXO7MMLJc_8-5-rgb_front,16.019999999999996,31
2-zlrJXlOGA_7-8-rgb_front,14.699999999999996,39
20OkhuZd7HI_6-5-rgb_front,37.540000000000006,37
20eFgtWq9-I_13_14-8-rgb_front,19.709999999999994,56
20ooSJixdyg_10-8-rgb_front,52.32000000000001,11
20qFsdFD3io_13-8-rgb_front,46.6,21
20xez8y80RI_9-8-rgb_front,15.999999999999993,32
218kpyi1X7k_5-8-rgb_front,14.509999999999998,55
21CVg25d34A_7-5-rgb_front,71.89,12
21GuMyj5bUw_13-5-rgb_front,30.47999999999999,19
21GuMyj5bUw_2-5-rgb_front,17.07,33
21GuMyj5bUw_4-5-rgb_front,72.36,9
21PO7gJnq9s_1-5-rgb_front,22.129999999999995,41
21PO7gJnq9s_2-5-rgb_front,22.43,59
21PbS6wnHtY_11-5-rgb_front,16.5,28
21PbS6wnHtY_13-5-rgb_front,27.37999999999998,26
21PbS6wnHtY_2-5-rgb_front,14.66,27
21PbS6wnHtY_7-5-rgb_front,15.170000000000002,26
21mLnyovKkE_1_2-5-rgb_front,28.09,37
21mLnyovKkE_5-5-rgb_front,14.670000000000002,31
21mLnyovKkE_6-5-rgb_front,16.959999999999994,32
21mLnyovKkE_7_8_9-5-rgb_front,24.08,22
21qQL15lUNY_1-5-rgb_front,15.57,22
21qQL15lUNY_3-5-rgb_front,15.399999999999999,54
21qQL15lUNY_4-5-rgb_front,16.200000000000003,43
221LE0VXCB8_10-8-rgb_front,26.150000000000006,56
221LE0VXCB8_3-8-rgb_front,28.91,51
22OyLDVZI6c_10-5-rgb_front,28.650000000000006,31
22TN7pvePQ4_1-5-rgb_front,24.43,29
22TN7pvePQ4_4-5-rgb_front,17.129999999999995,39
22TN7pvePQ4_5-5-rgb_front,13.649999999999999,29
22TQP3BhbnI_10-5-rgb_front,65.34,11
22TQP3BhbnI_11-5-rgb_front,18.150000000000006,39
22ULOqFXTdI_1-5-rgb_front,24.37,18
22ULOqFXTdI_2-5-rgb_front,14.709999999999997,23
22ULOqFXTdI_6-5-rgb_front,21.060000000000002,33
22ULOqFXTdI_8-5-rgb_front,17.879999999999995,32
22Z4wVfh0m0_1-5-rgb_front,16.43,39
22Z4wVfh0m0_10-5-rgb_front,19.83,28
22Z4wVfh0m0_3-5-rgb_front,14.29,28
22Z4wVfh0m0_4-5-rgb_front,18.72,26
22iGdujk5HE_2-5-rgb_front,46.64,56
22iGdujk5HE_3-5-rgb_front,17.660000000000004,43
22jv2IeovNs_0-5-rgb_front,14.1,29
22jv2IeovNs_2-5-rgb_front,18.82,37
22jv2IeovNs_4-5-rgb_front,82.76,23
22qgKXLM0j4_15-5-rgb_front,18.069999999999993,20
22qgKXLM0j4_16-5-rgb_front,13.86,26
22qgKXLM0j4_8-5-rgb_front,54.309999999999995,9
22yOjQqOb-k_0-5-rgb_front,16.91,39
22yOjQqOb-k_4-5-rgb_front,24.120000000000005,34
22yOjQqOb-k_6-5-rgb_front,31.180000000000007,49
22yOjQqOb-k_7-5-rgb_front,14.72999999999999,24
23FtuKT8mUw_10-5-rgb_front,27.739999999999995,66
23FtuKT8mUw_4-5-rgb_front,25.839999999999996,62
23FtuKT8mUw_7-5-rgb_front,15.680000000000007,31
23GbjIU50qw_4-8-rgb_front,15.25,6
23LLbhn_Mjg_22-5-rgb_front,53.380000000000024,20
23LLbhn_Mjg_3-5-rgb_front,30.58,23
23O-xRuWVdA_14-5-rgb_front,19.63000000000001,37
23O-xRuWVdA_16-5-rgb_front,16.840000000000003,41
23O-xRuWVdA_19-5-rgb_front,16.620000000000005,29
23O-xRuWVdA_3-5-rgb_front,15.419999999999998,34
23YW07EXh34_3-5-rgb_front,14.689999999999998,27
23ZHgjVq8qM_0-5-rgb_front,14.120000000000001,19
23ZHgjVq8qM_16-5-rgb_front,14.610000000000014,37
23ZHgjVq8qM_21-5-rgb_front,23.430000000000007,61
23ZHgjVq8qM_3-5-rgb_front,20.2,43
23ZHgjVq8qM_7-5-rgb_front,74.48,23
23ZnD2tLoXU_6-5-rgb_front,16.28,21
23_A6ME-alA_14-5-rgb_front,14.060000000000002,20
23bwGbfBdC0_10-5-rgb_front,76.98,9
23df10xArII_1-5-rgb_front,25.77,27
23df10xArII_2-5-rgb_front,23.35,33
23df10xArII_5-5-rgb_front,34.09,45
23h1jHxDBFc_1-5-rgb_front,22.080000000000002,8
23h1jHxDBFc_2-5-rgb_front,28.679999999999996,59
23vZCOWd5oE_15-5-rgb_front,23.790000000000006,54
23vZCOWd5oE_9-5-rgb_front,18.770000000000003,41
24-nCYk2bRk_7-5-rgb_front,29.10000000000001,47
24-nCYk2bRk_8-5-rgb_front,23.159999999999997,29
24-pXXQodVQ_3-5-rgb_front,15.559999999999999,15
24-pXXQodVQ_4-5-rgb_front,35.919999999999995,49
24-pXXQodVQ_5-5-rgb_front,14.680000000000007,26
24-ujdkcwaE_1-5-rgb_front,17.14,46
24-ujdkcwaE_12-5-rgb_front,15.670000000000002,37
24-ujdkcwaE_13-5-rgb_front,19.909999999999997,45
24-ujdkcwaE_4_5-5-rgb_front,32.15,63
24-ujdkcwaE_8-5-rgb_front,21.330000000000013,61
248tLEQWg-U_0-5-rgb_front,21.490000000000002,37
248tLEQWg-U_2-5-rgb_front,19.540000000000006,44
248tLEQWg-U_3-5-rgb_front,14.109999999999992,21
248tLEQWg-U_4-5-rgb_front,15.010000000000005,29
26xrVZcNWpM_4-3-rgb_front,14.659999999999997,37
289aNSTQ4aU_1-5-rgb_front,18.39,43
289aNSTQ4aU_13-5-rgb_front,14.149999999999991,27
2A_JTXsVmVc_11-8-rgb_front,14.559999999999988,42
2A_JTXsVmVc_2-8-rgb_front,14.469999999999999,23
2A_JTXsVmVc_22-8-rgb_front,26.340000000000003,45
2Az2H4I1v2I_3-1-rgb_front,22.520000000000003,81
2Az2H4I1v2I_8-1-rgb_front,18.689999999999998,71
2EaPbARsm8c_0_1_2-5-rgb_front,14.46,34
2EaPbARsm8c_10-5-rgb_front,22.080000000000005,34
2Eg_qnMUaFU_0_1-1-rgb_front,18.97,68
2Eg_qnMUaFU_15-1-rgb_front,14.330000000000013,54
2FgG0QARPuc_10-8-rgb_front,16.410000000000004,30
2Fq1vWH06us_10-5-rgb_front,21.58,49
2Fq1vWH06us_13-5-rgb_front,14.799999999999997,26
2Fq1vWH06us_7-5-rgb_front,14.099999999999994,24
2G29ijsPVXI_10-5-rgb_front,19.330000000000013,50
2G29ijsPVXI_12-5-rgb_front,24.329999999999984,51
2G29ijsPVXI_8-5-rgb_front,16.839999999999996,32
2GgrX5BccBE_1-5-rgb_front,16.06,13
2GgrX5BccBE_2-5-rgb_front,13.830000000000002,35
2GgrX5BccBE_4-5-rgb_front,18.64,40
2GgrX5BccBE_5-5-rgb_front,14.649999999999999,25
2HUxYZ-qpt4_1-8-rgb_front,13.68,26
2HUxYZ-qpt4_10-8-rgb_front,25.239999999999995,84
2Jm303dE1T8_3-3-rgb_front,23.650000000000002,57
2Jm303dE1T8_6-3-rgb_front,22.729999999999997,51
2JpUMNLreN4_12-5-rgb_front,19.33999999999999,50
2JpUMNLreN4_4-5-rgb_front,17.770000000000003,41
2JpUMNLreN4_7-5-rgb_front,18.190000000000012,48
2L0cIk45VhA_10-1-rgb_front,16.71,28
2L0cIk45VhA_19-1-rgb_front,15.240000000000009,18
2L0cIk45VhA_7-1-rgb_front,13.920000000000002,37
2L2Hhr4nMLM_4-5-rgb_front,14.229999999999997,32
2L2Hhr4nMLM_6-5-rgb_front,25.4,35
2L2Hhr4nMLM_7-5-rgb_front,19.49000000000001,45
2L8kToOPbRU_4-5-rgb_front,14.5,29
2L8kToOPbRU_5-5-rgb_front,19.520000000000003,33
2LmjgQZmc64_0-8-rgb_front,14.040000000000001,55
2OuMczapT_M_12-8-rgb_front,14.829999999999998,56
2OuMczapT_M_3-8-rgb_front,15.739999999999998,43
2SHrot4ryPk_2-5-rgb_front,15.91,20
2SHrot4ryPk_6-5-rgb_front,17.509999999999998,40
2Sk_fki9ZOg_4-3-rgb_front,15.540000000000003,31
2Wt91-j_DDI_1-5-rgb_front,28.36,32
2Wt91-j_DDI_11-5-rgb_front,31.560000000000002,33
2Wt91-j_DDI_2-5-rgb_front,15.599999999999998,32
2Wt91-j_DDI_4-5-rgb_front,14.030000000000001,36
2Wt91-j_DDI_6-5-rgb_front,20.17,40
2Wt91-j_DDI_7-5-rgb_front,16.450000000000003,38
2Wt91-j_DDI_8_9-5-rgb_front,19.519999999999996,38
2XnIHZ9qbsI_1-5-rgb_front,15.75,37
2XnIHZ9qbsI_10-5-rgb_front,15.600000000000009,42
2XnIHZ9qbsI_11_12_13_14-5-rgb_front,18.499999999999986,36
2XnIHZ9qbsI_15-5-rgb_front,15.920000000000016,37
2XnIHZ9qbsI_7-5-rgb_front,27.760000000000005,64
2XzcMIKRN8Y_4-5-rgb_front,24.1,43
2XzcMIKRN8Y_6-5-rgb_front,21.36,52
2YRCf37JylI_7-8-rgb_front,14.009999999999998,25
2ZOSvpNBx5M_12-3-rgb_front,17.810000000000002,55
2_2WH7cFJLM_3-5-rgb_front,16.770000000000003,30
2b7oGpPlAuM_11-5-rgb_front,13.719999999999999,36
2b7oGpPlAuM_14-5-rgb_front,17.150000000000006,41
2bmQGJTwp3g_11-8-rgb_front,15.019999999999996,36
2c0pN0EgeJA_2-5-rgb_front,20.99,54
2c0pN0EgeJA_7-5-rgb_front,31.629999999999995,57
2c0pN0EgeJA_8-5-rgb_front,16.5,20
2c0pN0EgeJA_9-5-rgb_front,16.789999999999992,25
2fTOklTjdMM_23_24-1-rgb_front,15.969999999999999,52
2fTOklTjdMM_27_28-1-rgb_front,15.210000000000008,50
2hpQUMOiUu8_5-5-rgb_front,14.079999999999998,27
2hpQUMOiUu8_9-5-rgb_front,13.980000000000004,33
2ioOCZFiWWU_1-5-rgb_front,17.5,18
2ioOCZFiWWU_14-5-rgb_front,26.339999999999975,30
2ioOCZFiWWU_15-5-rgb_front,14.349999999999994,16
2ioOCZFiWWU_8-5-rgb_front,22.379999999999995,42
2kOoZjewAkY_10-8-rgb_front,15.550000000000004,35
2kOoZjewAkY_11-8-rgb_front,18.599999999999994,17
2nNj-H5maS0_0-5-rgb_front,41.04,85
2nNj-H5maS0_1-5-rgb_front,25.0,33
2nNj-H5maS0_2-5-rgb_front,23.090000000000003,56
2nNj-H5maS0_7-5-rgb_front,20.04000000000002,42
2nNj-H5maS0_8-5-rgb_front,17.060000000000002,29
2nOClTVZ-0w_4_5-8-rgb_front,15.049999999999997,32
2nOClTVZ-0w_9_10-8-rgb_front,20.83999999999999,45
2oIjI5k0n44_15-5-rgb_front,20.94999999999999,18
2oIjI5k0n44_2_3-5-rgb_front,22.560000000000002,43
2oU9Ea0gGsA_8-8-rgb_front,15.339999999999996,40
2qYc4PAW72o_5-8-rgb_front,13.740000000000002,67
2qocWX8zNpc_3-5-rgb_front,14.719999999999999,28
2sJ9mg1QsBs_2-5-rgb_front,13.989999999999998,32
2sJ9mg1QsBs_3-5-rgb_front,19.509999999999998,46
2saUtZUAqHg_1-5-rgb_front,29.970000000000002,77
2saUtZUAqHg_4-5-rgb_front,28.029999999999994,31
2saUtZUAqHg_5-5-rgb_front,21.879999999999995,41
2t0bY_rE108_17-8-rgb_front,15.469999999999999,58
2t9guhwLcqQ_2-5-rgb_front,17.53,26
2t9guhwLcqQ_3-5-rgb_front,15.030000000000001,30
2uM9Vdo_uLQ_18-8-rgb_front,14.689999999999998,13
2ufkA0BzGSY_4-8-rgb_front,18.369999999999997,37
2ufkA0BzGSY_6-8-rgb_front,21.410000000000004,36
2uw1MV-N3Ec_2-3-rgb_front,13.89,47
2uw1MV-N3Ec_3-3-rgb_front,18.34,71
2zPzFyZkZF0_0-5-rgb_front,13.66,43
3-zQaHVXTsI_4-8-rgb_front,18.169999999999998,30
30y7o8ANntQ_1-5-rgb_front,25.42,35
30y7o8ANntQ_2-5-rgb_front,17.009999999999998,35
36xBmAZNzRg_11-5-rgb_front,28.74000000000001,66
36xBmAZNzRg_15-5-rgb_front,19.919999999999987,38
36xBmAZNzRg_17-5-rgb_front,27.599999999999994,50
36xBmAZNzRg_3-5-rgb_front,17.249999999999996,32
36xBmAZNzRg_6-5-rgb_front,14.879999999999995,28
37dhRkNvV0M_8-5-rgb_front,16.300000000000004,38
37dhRkNvV0M_8-8-rgb_front,14.469999999999999,38
39KOiTCEm_g_6-3-rgb_front,14.240000000000002,28
3Aq_KJZR-2w_0-5-rgb_front,14.040000000000001,27
3Aq_KJZR-2w_14-5-rgb_front,14.139999999999993,38
3BMKbpgned0_11-3-rgb_front,17.75,37
3BuvrAJDzyk_5-3-rgb_front,16.34,37
3C3mfkMNy-Y_1-5-rgb_front,17.39,56
3C3mfkMNy-Y_1-8-rgb_front,17.39,56
3C3mfkMNy-Y_4-5-rgb_front,14.900000000000006,31
3C3mfkMNy-Y_4-8-rgb_front,14.900000000000006,31
3C3mfkMNy-Y_5-5-rgb_front,15.36999999999999,47
3C3mfkMNy-Y_5-8-rgb_front,15.36999999999999,47
3EUv9chnujY_0-5-rgb_front,17.34,27
3EUv9chnujY_0-8-rgb_front,17.03,27
3EUv9chnujY_1-5-rgb_front,20.029999999999998,34
3EUv9chnujY_1-8-rgb_front,18.590000000000003,34
3EUv9chnujY_2-5-rgb_front,41.78000000000001,70
3EUv9chnujY_2-8-rgb_front,42.440000000000005,70
3EUv9chnujY_3-5-rgb_front,16.75999999999999,26
3EUv9chnujY_3-8-rgb_front,15.11999999999999,26
3EqWVwr_Iqc_4-5-rgb_front,20.529999999999998,45
3FJsNfuPILA_24-8-rgb_front,17.069999999999993,32
3GKsjSStbaE_11-5-rgb_front,21.480000000000004,36
3GKsjSStbaE_11-8-rgb_front,17.289999999999992,36
3GgkyZLNZkA_4-2-rgb_front,16.240000000000002,20
3GgkyZLNZkA_6-2-rgb_front,22.169999999999995,36
3HTL6h2RYjQ_2-5-rgb_front,25.98,49
3HTL6h2RYjQ_2-8-rgb_front,25.88,49
3HTL6h2RYjQ_4-5-rgb_front,14.090000000000003,25
3HTL6h2RYjQ_4-8-rgb_front,13.760000000000005,25
3HTL6h2RYjQ_6_7-5-rgb_front,22.400000000000006,41
3HTL6h2RYjQ_6_7-8-rgb_front,20.61,41
3IN4lL2Emjg_4-5-rgb_front,13.919999999999995,23
3IN4lL2Emjg_5-5-rgb_front,15.64,28
3JQwNCrx0Wo_10-5-rgb_front,13.819999999999993,40
3JQwNCrx0Wo_6-5-rgb_front,20.790000000000006,54
3JQwNCrx0Wo_8-5-rgb_front,15.879999999999995,52
3JQwNCrx0Wo_9-5-rgb_front,26.53,63
3LhPYQ2oVrc_1-3-rgb_front,24.81,59
3LhPYQ2oVrc_5-3-rgb_front,17.88000000000001,38
3NFVQAQDGXE_10-5-rgb_front,20.580000000000005,37
3NFVQAQDGXE_10-8-rgb_front,17.479999999999997,37
3PNHgu8nVWA_10-5-rgb_front,15.710000000000008,36
3PNHgu8nVWA_8-5-rgb_front,19.6,31
3PNHgu8nVWA_9-5-rgb_front,18.429999999999993,36
3Pl9EFPWXwI_2-3-rgb_front,19.770000000000003,54
3QUvJUyYpfc_1-5-rgb_front,36.3,68
3QUvJUyYpfc_2-5-rgb_front,21.08,42
3QUvJUyYpfc_3-5-rgb_front,19.330000000000005,34
3QUvJUyYpfc_4-5-rgb_front,26.459999999999994,60
3QUvJUyYpfc_5-5-rgb_front,22.749999999999986,45
3RzgpH5Hg3I_6-5-rgb_front,17.680000000000007,29
3RzgpH5Hg3I_8-5-rgb_front,14.760000000000005,29
3S3CGwIQgVk_10_11-5-rgb_front,33.58999999999999,67
3S3CGwIQgVk_12-5-rgb_front,26.419999999999987,38
3S3CGwIQgVk_2-5-rgb_front,17.95,41
3S3CGwIQgVk_5-5-rgb_front,18.309999999999995,34
3S3CGwIQgVk_7-5-rgb_front,23.109999999999992,34
3S3CGwIQgVk_8-5-rgb_front,21.590000000000003,43
3SDn4SLso7g_1_2-5-rgb_front,26.240000000000002,69
3SDn4SLso7g_4-5-rgb_front,20.14,50
3SDn4SLso7g_5-5-rgb_front,14.230000000000004,34
3Sd2KRf-Fvo_11-5-rgb_front,15.769999999999996,41
3Sd2KRf-Fvo_12-5-rgb_front,13.919999999999987,38
3Sd2KRf-Fvo_2-5-rgb_front,14.220000000000002,39
3Sd2KRf-Fvo_7-5-rgb_front,27.989999999999995,40
3TKkSL9OYAg_18-5-rgb_front,14.739999999999995,26
3TmrgNyRYqw_4-5-rgb_front,16.200000000000003,36
3TmrgNyRYqw_5-5-rgb_front,22.36,45
3TmrgNyRYqw_6-5-rgb_front,13.71,23
3TmrgNyRYqw_7-5-rgb_front,25.92,43
3TmrgNyRYqw_9-5-rgb_front,19.28,32
3TrDv2IX-cY_11-5-rgb_front,17.909999999999997,38
3TrDv2IX-cY_2-5-rgb_front,14.38,40
3TrDv2IX-cY_6-5-rgb_front,15.560000000000002,25
3TrDv2IX-cY_8-5-rgb_front,22.950000000000003,35
3Uu9_GGILmc_12-8-rgb_front,17.479999999999997,11
3Uvzt6qUudA_1-5-rgb_front,38.43,96
3Uvzt6qUudA_2-5-rgb_front,31.319999999999993,79
3Uvzt6qUudA_3-5-rgb_front,29.970000000000013,73
3Uvzt6qUudA_4-5-rgb_front,20.39999999999999,66
3Uvzt6qUudA_5-5-rgb_front,41.17,90
3Uvzt6qUudA_6-5-rgb_front,14.219999999999999,31
3Uvzt6qUudA_7-5-rgb_front,25.039999999999992,62
3_EsFz2QLws_1-8-rgb_front,14.14,31
3aKE_Fh3JaQ_4-5-rgb_front,22.299999999999997,70
3aKE_Fh3JaQ_4-8-rgb_front,28.229999999999997,70
3aKE_Fh3JaQ_5-5-rgb_front,21.509999999999998,29
3aKE_Fh3JaQ_5-8-rgb_front,16.730000000000004,29
3dCgOOUXZBY_0-8-rgb_front,13.77,56
3dFKahxY0KI_2-5-rgb_front,16.299999999999997,55
3dFKahxY0KI_3-5-rgb_front,23.68,76
3dFKahxY0KI_5-5-rgb_front,14.219999999999999,43
3dFKahxY0KI_6-5-rgb_front,26.310000000000002,51
3dO7BI93adU_3-5-rgb_front,24.68,67
3daeOlNR8_A_1-5-rgb_front,13.77,24
3daeOlNR8_A_13-5-rgb_front,17.689999999999998,42
3daeOlNR8_A_17-5-rgb_front,16.47999999999999,19
3daeOlNR8_A_4-5-rgb_front,19.849999999999994,29
3epphBG88cE_0-5-rgb_front,14.83,45
3epphBG88cE_11-5-rgb_front,21.77000000000001,60
3epphBG88cE_14-5-rgb_front,13.909999999999997,29
3epphBG88cE_20-5-rgb_front,16.439999999999998,44
3epphBG88cE_23-5-rgb_front,20.44999999999999,44
3epphBG88cE_29-5-rgb_front,20.819999999999993,62
3fizqVMucs4_1-5-rgb_front,19.34,36
3fizqVMucs4_11-5-rgb_front,15.539999999999992,26
3frKRYWXdho_1-8-rgb_front,21.82,81
3i7jJ7Jll5o_11-5-rgb_front,15.260000000000005,33
3leKwl-71Yg_0-5-rgb_front,32.77,86
3leKwl-71Yg_2-5-rgb_front,15.46,15
3leKwl-71Yg_4-5-rgb_front,26.71,32
3leKwl-71Yg_5-5-rgb_front,16.409999999999997,31
3leKwl-71Yg_9-5-rgb_front,19.930000000000007,39
3ntc51P5qjI_1-8-rgb_front,18.5,14
3ntc51P5qjI_11-8-rgb_front,16.299999999999997,25
3oSvyY2f4ZQ_0-5-rgb_front,14.36,36
3oSvyY2f4ZQ_28-5-rgb_front,14.920000000000016,37
3oSvyY2f4ZQ_38-5-rgb_front,15.849999999999966,37
3oSvyY2f4ZQ_4-5-rgb_front,15.25,32
3rW6wKS5nTU_14-5-rgb_front,19.94999999999999,38
3rW6wKS5nTU_16-5-rgb_front,19.060000000000002,39
3rW6wKS5nTU_17-5-rgb_front,24.129999999999995,31
3rW6wKS5nTU_7-5-rgb_front,14.86,23
3rmLri5lpT8_0-5-rgb_front,13.77,34
3rmLri5lpT8_2-5-rgb_front,14.05,30
3rmLri5lpT8_4-5-rgb_front,15.440000000000005,18
3rmLri5lpT8_5-5-rgb_front,18.300000000000004,40
3uWEhIUwMrY_21-8-rgb_front,13.879999999999995,56
3wAKK4jQrXw_3-5-rgb_front,16.94,38
3wrA8v-xDlg_2-5-rgb_front,49.89,132
3wrA8v-xDlg_2-8-rgb_front,50.96,132
3xag4Y3JqHo_2-5-rgb_front,39.29,62
3xag4Y3JqHo_2-8-rgb_front,37.95,62
3xag4Y3JqHo_3-5-rgb_front,15.509999999999998,40
3xag4Y3JqHo_5-8-rgb_front,13.959999999999994,22
3yeunpfsN_Q_3-3-rgb_front,14.809999999999999,24
3yjFlBByBX4_14-1-rgb_front,16.189999999999984,27
3yjFlBByBX4_5-1-rgb_front,17.69,49
3yjFlBByBX4_9-1-rgb_front,13.709999999999994,31
3zd-g_u97RM_0-8-rgb_front,27.69,61
3zd-g_u97RM_3-8-rgb_front,20.409999999999997,47
3zd-g_u97RM_5-8-rgb_front,16.47,44
40VtkeryvFE_5-1-rgb_front,16.78,70
40dTE31p5uA_6-5-rgb_front,19.21,34
40dTE31p5uA_7-5-rgb_front,15.280000000000001,37
40dTE31p5uA_9-5-rgb_front,14.299999999999997,33
414pAs3SDu0_8-5-rgb_front,16.07,33
42c5l12RhWo_4-8-rgb_front,14.090000000000003,24
44Qq77fK4ew_6-3-rgb_front,17.04,42
45XYg7z7CdQ_8-5-rgb_front,15.869999999999997,31
46WKIipNJt8_12-8-rgb_front,16.13000000000001,23
46WKIipNJt8_5-8-rgb_front,16.640000000000008,45
46ambgo7EyY_1-3-rgb_front,20.67,41
46fCerTjzcw_2-3-rgb_front,21.8,60
476vh2-HlV0_10-5-rgb_front,17.14,34
476vh2-HlV0_10-8-rgb_front,20.409999999999997,34
476vh2-HlV0_11-5-rgb_front,16.67,26
477ZE29Y6eU_3_4-8-rgb_front,16.349999999999998,49
477ZE29Y6eU_6-8-rgb_front,17.17,54
47oJoR2BC34_1-8-rgb_front,19.939999999999998,43
47oJoR2BC34_4-8-rgb_front,20.240000000000002,71
47yGbJ5YDYk_1-5-rgb_front,39.13,72
47yGbJ5YDYk_2-5-rgb_front,18.179999999999993,39
48QmLVn7fqQ_11_12_13-8-rgb_front,23.459999999999994,33
49P4e1DLm6w_16-5-rgb_front,20.36,20
49P4e1DLm6w_16-8-rgb_front,15.689999999999998,20
49P4e1DLm6w_22-5-rgb_front,19.239999999999995,26
49P4e1DLm6w_23-8-rgb_front,16.209999999999994,24
4A6QfusQSpA_0-5-rgb_front,20.2,40
4A6QfusQSpA_3-5-rgb_front,21.240000000000002,34
4A6QfusQSpA_4-5-rgb_front,21.629999999999995,33
4A6QfusQSpA_5-5-rgb_front,19.02000000000001,37
4Af-nxPvbgY_12-5-rgb_front,16.89,28
4BKUiL-ou2Q_11-8-rgb_front,21.25999999999999,62
4BZVj8FDDvY_10-5-rgb_front,16.92,59
4BZVj8FDDvY_10-8-rgb_front,19.050000000000004,59
4BZVj8FDDvY_12-8-rgb_front,13.75,42
4BZVj8FDDvY_9-5-rgb_front,13.89,34
4C6UadTF65I_3-5-rgb_front,16.79,36
4C6UadTF65I_6-5-rgb_front,18.019999999999996,36
4C6UadTF65I_6-8-rgb_front,18.709999999999994,36
4CIAc6TPZ8o_3-3-rgb_front,15.879999999999999,58
4ChFh4LdxVg_13_14_15-8-rgb_front,17.210000000000008,53
4ChFh4LdxVg_2-8-rgb_front,16.66,37
4ChFh4LdxVg_8-8-rgb_front,18.409999999999997,63
4ChFh4LdxVg_9-8-rgb_front,17.840000000000003,33
4EFBr4Oe2ZE_3-8-rgb_front,14.84,44
4Fvc5MU1V0k_0-5-rgb_front,18.04,22
4Fvc5MU1V0k_2-5-rgb_front,16.310000000000002,37
4Fvc5MU1V0k_3-5-rgb_front,20.57,44
4Fvc5MU1V0k_6-5-rgb_front,14.590000000000003,25
4G2TEC5lS_g_12-5-rgb_front,18.039999999999992,39
4GKnUtxCEY8_2-5-rgb_front,37.86,62
4GKnUtxCEY8_3-5-rgb_front,27.79,37
4H7wucScIRg_1-5-rgb_front,14.669999999999998,21
4H7wucScIRg_2-5-rgb_front,15.61,31
4H7wucScIRg_2-8-rgb_front,13.93,31
4H7wucScIRg_4-5-rgb_front,23.060000000000002,45
4H7wucScIRg_4-8-rgb_front,17.470000000000006,45
4H7wucScIRg_6-5-rgb_front,18.39999999999999,32
4H7wucScIRg_6-8-rgb_front,15.469999999999999,32
4H7wucScIRg_7-5-rgb_front,22.66000000000001,28
4K6kvm-NRYQ_3_4-8-rgb_front,25.49,82
4K6kvm-NRYQ_8-8-rgb_front,14.630000000000003,49
4K_FAmYAd2o_6-8-rgb_front,13.719999999999999,20
4K_f93M-BrA_12-8-rgb_front,14.160000000000004,56
4OJs5bqKLio_1-5-rgb_front,23.369999999999997,53
4OJs5bqKLio_5-5-rgb_front,22.25,60
4PE3myd8L3Q_11-5-rgb_front,14.41000000000001,30
4PE3myd8L3Q_13-5-rgb_front,16.14,32
4PE3myd8L3Q_6-5-rgb_front,15.769999999999996,16
4QhpU9Fk5dA_1-8-rgb_front,13.86,40
4RbZmUDyjGc_6-5-rgb_front,20.490000000000002,41
4U57Q4XIfoM_13-8-rgb_front,15.030000000000001,63
4UKcwg0pk90_9-3-rgb_front,26.120000000000005,64
4UlmDZi98fk_22-5-rgb_front,20.539999999999992,45
4WoQ5Pl24_k_1-5-rgb_front,22.380000000000003,12
4YRehZfsLDY_11-5-rgb_front,13.849999999999994,45
4YRehZfsLDY_12-5-rgb_front,14.39,38
4YRehZfsLDY_23-5-rgb_front,21.00999999999999,36
4YRehZfsLDY_24-5-rgb_front,20.619999999999976,41
4YRehZfsLDY_28-5-rgb_front,31.960000000000008,65
4YRehZfsLDY_4-5-rgb_front,16.65,32
4YRehZfsLDY_8-5-rgb_front,15.61999999999999,33
52MbWpfvuF0_10-8-rgb_front,16.21,24
52MbWpfvuF0_15-8-rgb_front,14.909999999999997,37
52MbWpfvuF0_18-8-rgb_front,13.840000000000003,33
52MbWpfvuF0_20-8-rgb_front,34.47,69
54XXeg5CY-0_1-5-rgb_front,17.1,46
54XXeg5CY-0_2-5-rgb_front,15.45,42
54XXeg5CY-0_3-5-rgb_front,14.909999999999997,33
54XXeg5CY-0_4-5-rgb_front,31.629999999999995,68
54XXeg5CY-0_5-5-rgb_front,15.680000000000007,33
55iR3RXwuTA_8-8-rgb_front,17.78,54
58xX_6AShZQ_13-5-rgb_front,18.92,34
58xX_6AShZQ_7-5-rgb_front,13.840000000000003,34
5AlpcMspHX4_2-8-rgb_front,14.389999999999999,32
5GEYCf-Gr_k_3-5-rgb_front,13.98,23
5GEYCf-Gr_k_4-5-rgb_front,21.659999999999997,52
5GF2D_lAus4_7-8-rgb_front,19.150000000000006,76
5GF2D_lAus4_9-8-rgb_front,16.060000000000002,37
5GHCXLNcgUQ_11-5-rgb_front,28.67000000000001,19
5HDlLzELoeg_1-8-rgb_front,14.71,23
5HDlLzELoeg_15-8-rgb_front,34.86,40
5L334OJnp7w_14-5-rgb_front,16.239999999999995,36
5L334OJnp7w_3-5-rgb_front,14.920000000000002,42
5OoZG2cMSKM_0-5-rgb_front,32.57,52
5OoZG2cMSKM_1-5-rgb_front,24.089999999999996,43
5OoZG2cMSKM_6-5-rgb_front,16.230000000000004,30
5Oq-F-EC_pU_2-8-rgb_front,21.64,106
5Oq-F-EC_pU_3-8-rgb_front,17.989999999999995,70
5Oq-F-EC_pU_8-8-rgb_front,14.959999999999994,60
5Pm9nRXM-L0_10-8-rgb_front,16.230000000000004,44
5R_edfcFUP0_0-3-rgb_front,16.200000000000003,33
5ShtTFePfe8_8-8-rgb_front,18.120000000000005,38
5T4P9SM0_ck_12_13_14_15-5-rgb_front,15.11,21
5U5e11ftWBI_2-3-rgb_front,15.159999999999997,54
5U5e11ftWBI_3-3-rgb_front,16.71,68
5UDsvJNpI5k_1-5-rgb_front,23.91,37
5UDsvJNpI5k_3-5-rgb_front,25.569999999999997,44
5UDsvJNpI5k_4-5-rgb_front,35.87,72
5UDsvJNpI5k_6-5-rgb_front,18.200000000000003,40
5UbW-uxoCOg_0-3-rgb_front,20.07,60
5UbW-uxoCOg_2-3-rgb_front,28.22,69
5UbW-uxoCOg_3-3-rgb_front,20.629999999999995,57
5UbW-uxoCOg_4-3-rgb_front,20.319999999999993,50
5UsVsSkd3JY_1-3-rgb_front,13.940000000000001,40
5UsVsSkd3JY_3-3-rgb_front,13.669999999999998,52
5UsVsSkd3JY_6-3-rgb_front,17.490000000000002,48
5Uy3r6Sl4pM_5-8-rgb_front,25.570000000000007,66
5Uy3r6Sl4pM_6-8-rgb_front,19.150000000000006,34
5VseAeFbfgI_16-8-rgb_front,15.649999999999991,30
5Z8xrAeHsNM_4-8-rgb_front,31.96,120
5Z8xrAeHsNM_6-8-rgb_front,20.799999999999997,69
5_w9QWHoI1E_10-8-rgb_front,26.42,53
5_w9QWHoI1E_11-8-rgb_front,20.12000000000002,29
5_w9QWHoI1E_16-8-rgb_front,42.870000000000005,57
5_w9QWHoI1E_17-8-rgb_front,22.25999999999999,38
5ablUAXmVkM_6-8-rgb_front,17.310000000000002,47
5agwuoxNssM_11-5-rgb_front,20.090000000000003,20
5agwuoxNssM_15-5-rgb_front,20.139999999999986,10
5agwuoxNssM_8-5-rgb_front,19.450000000000003,29
5agwuoxNssM_9-5-rgb_front,19.08,26
5c2eJSafE3M_15-5-rgb_front,15.090000000000003,34
5c2eJSafE3M_18-5-rgb_front,17.0,35
5c2eJSafE3M_6-5-rgb_front,17.64,22
5c6jezj8l68_2-8-rgb_front,16.419999999999998,44
5g5x8cLjosU_0-3-rgb_front,16.12,45
5g5x8cLjosU_6-3-rgb_front,23.79,61
5k66qfWaM7E_1-8-rgb_front,20.81,61
5k66qfWaM7E_10-8-rgb_front,14.179999999999993,40
5k66qfWaM7E_3-8-rgb_front,15.180000000000003,43
5k66qfWaM7E_6-8-rgb_front,17.900000000000006,51
5k66qfWaM7E_8-8-rgb_front,17.090000000000003,64
5lHduGrvakM_4-3-rgb_front,20.409999999999997,52
5luHDO0IMx4_0-5-rgb_front,15.729999999999999,48
5luHDO0IMx4_2-5-rgb_front,24.029999999999998,63
5luHDO0IMx4_4-5-rgb_front,24.750000000000007,73
5luHDO0IMx4_5-5-rgb_front,14.909999999999997,45
5myLxfF9NWM_4_5-8-rgb_front,26.529999999999998,54
5myLxfF9NWM_6-8-rgb_front,31.410000000000004,103
5myLxfF9NWM_7-8-rgb_front,17.200000000000003,38
5newWSXJB1I_2-8-rgb_front,17.21,63
5nk3hS9UHl0_16-8-rgb_front,17.94999999999999,43
5ok8y3eheq8_7-1-rgb_front,25.889999999999997,67
5pvdT18f92A_2-8-rgb_front,15.74,44
5pvdT18f92A_4-8-rgb_front,20.64,61
5pvdT18f92A_7-8-rgb_front,15.790000000000006,46
5qji7JFwR3M_5-8-rgb_front,14.040000000000003,30
5qsNHYnRWYQ_1-3-rgb_front,19.39,38
5rtrGkZNfLo_3-5-rgb_front,18.89,49
5rtrGkZNfLo_4-5-rgb_front,19.339999999999996,50
5rtrGkZNfLo_5-5-rgb_front,14.170000000000002,24
5sdZhVCmDJ4_2-4-rgb_front,20.93,53
5ujm3ZXVd-o_9-5-rgb_front,24.36,59
5vSvXTHeD5I_1-8-rgb_front,32.59,21
5vd6m__3ync_2-8-rgb_front,20.05,55
5vd6m__3ync_3-8-rgb_front,15.189999999999998,54
5wmHJ2neRQQ_10-5-rgb_front,23.019999999999996,55
5wmHJ2neRQQ_17-5-rgb_front,14.52000000000001,45
5wmHJ2neRQQ_3-5-rgb_front,13.829999999999998,40
5wmHJ2neRQQ_9-5-rgb_front,15.950000000000003,44
5x3CorS_t30_3-5-rgb_front,22.69,58
5xJEFXSwAvE_5-8-rgb_front,14.100000000000001,38
BJ8iJ9ps2NY_4-8-rgb_front,25.769999999999996,74
BJ8iJ9ps2NY_5-8-rgb_front,15.54999999999999,31
BJ8iJ9ps2NY_6-8-rgb_front,20.5,50
BKHAvX9rFw0_6-8-rgb_front,15.849999999999998,50
BKHAvX9rFw0_7-8-rgb_front,14.600000000000001,28
BOAuIAm-p_A_6-8-rgb_front,13.880000000000003,30
BPoz4-sxQZY_2-5-rgb_front,19.259999999999998,28
BPoz4-sxQZY_3-5-rgb_front,28.1,55
BPoz4-sxQZY_5-5-rgb_front,23.36,49
BQGyl8K8KZE_12-8-rgb_front,19.450000000000003,36
BRa6-tUUd0E_12-8-rgb_front,26.450000000000003,53
BRa6-tUUd0E_14-8-rgb_front,15.27000000000001,37
BRa6-tUUd0E_8-8-rgb_front,19.009999999999998,25
BTjsEc67kyM_3-5-rgb_front,18.610000000000003,40
BWwv9mrgdVU_5-5-rgb_front,18.189999999999998,36
B_ye00IgI4w_5-5-rgb_front,16.959999999999997,25
B_ye00IgI4w_6-5-rgb_front,16.529999999999994,42
BbD_TFIveK8_2-8-rgb_front,14.440000000000001,20
BbD_TFIveK8_3-8-rgb_front,17.560000000000002,42
BbD_TFIveK8_4-8-rgb_front,30.989999999999995,47
Bda6fYAIFgg_9-8-rgb_front,15.969999999999999,51
Bf5CyPGOpW8_10-4-rgb_front,14.810000000000002,39
Bf5CyPGOpW8_3-4-rgb_front,16.37,43
Bf5CyPGOpW8_4-4-rgb_front,44.21000000000001,117
Bf5CyPGOpW8_9-4-rgb_front,26.75,58
Bnm6QaAj6Qo_13-3-rgb_front,15.769999999999996,36
Bnm6QaAj6Qo_4-3-rgb_front,29.040000000000003,69
BoBx1pDyFog_4-8-rgb_front,15.700000000000003,58
BrinTPjveZY_2-3-rgb_front,15.16,52
BrinTPjveZY_5-3-rgb_front,19.61,55
BsN-7BOFXX4_11-3-rgb_front,18.339999999999996,52
BsN-7BOFXX4_5_6_7-3-rgb_front,14.07,35
BsiR_MleDvc_0-5-rgb_front,16.64,52
BsiR_MleDvc_2-5-rgb_front,15.379999999999999,49
BsiR_MleDvc_7-5-rgb_front,14.009999999999998,40
Bt24OQG3gHA_4-3-rgb_front,25.53,70
Bu1-_fPoQ3Q_7-3-rgb_front,16.83,41
C-i06Ssh0l8_3-8-rgb_front,15.77,29
C-i06Ssh0l8_4-8-rgb_front,26.809999999999995,45
C1qblYh-23I_12-5-rgb_front,30.11,25
C1qblYh-23I_5-5-rgb_front,14.130000000000003,22
C5tmJXRemUM_6-8-rgb_front,15.09,51
C5uhp1HoNLs_3-8-rgb_front,15.48,40
C6PUJUccUwk_1-5-rgb_front,25.669999999999998,60
C6PUJUccUwk_2-5-rgb_front,23.009999999999998,57
C6PUJUccUwk_4-5-rgb_front,29.22,76
C6YWTOQtMmk_0-5-rgb_front,30.47,83
C6YWTOQtMmk_3-5-rgb_front,34.42,96
C6YWTOQtMmk_4-5-rgb_front,14.039999999999992,32
C6xUOMqgRxw_0-8-rgb_front,20.020000000000003,50
C88yVO-7XzA_4-3-rgb_front,15.14,23
C88yVO-7XzA_6-3-rgb_front,23.379999999999995,57
CCHRQOsb1gc_1-5-rgb_front,16.800000000000004,29
CCHRQOsb1gc_2-5-rgb_front,20.689999999999998,35
CCHRQOsb1gc_5-5-rgb_front,14.870000000000005,33
CE23zzfUBDw_16_17_18-5-rgb_front,15.75,40
CE23zzfUBDw_9_10_11-5-rgb_front,16.869999999999997,45
CEwxs80fC8Q_2-1-rgb_front,14.920000000000009,31
CFC40Yw8CyQ_1-8-rgb_front,17.98,43
CFC40Yw8CyQ_9-8-rgb_front,14.319999999999993,38
CGLHWM9BTzw_5-8-rgb_front,16.309999999999995,49
CGLHWM9BTzw_6-8-rgb_front,20.03,49
CGZohl-yQ4I_8-3-rgb_front,18.220000000000006,33
CGZohl-yQ4I_9-3-rgb_front,17.309999999999988,34
CH7AviIr0-0_4-8-rgb_front,14.829999999999998,45
CKO9_7Msf9c_10-5-rgb_front,20.409999999999997,32
CKO9_7Msf9c_6-5-rgb_front,33.6,56
CKO9_7Msf9c_7-5-rgb_front,15.349999999999994,29
CKO9_7Msf9c_9-5-rgb_front,20.14,53
CMJDDVY5Wlo_10-5-rgb_front,14.219999999999999,14
CMJDDVY5Wlo_14-5-rgb_front,14.180000000000007,19
CMJDDVY5Wlo_5-5-rgb_front,16.67,23
COKcDItUTA8_4-8-rgb_front,20.110000000000003,66
CPZREUAZgsA_17-8-rgb_front,32.170000000000016,65
CPZREUAZgsA_3-8-rgb_front,14.399999999999999,42
CPZREUAZgsA_6-8-rgb_front,21.840000000000003,52
CQ4IY7EdxMQ_5-3-rgb_front,27.060000000000002,43
CQ4IY7EdxMQ_7-3-rgb_front,20.439999999999998,65
CQ938XE05sg_11-8-rgb_front,13.950000000000003,16
CQ938XE05sg_16-8-rgb_front,14.189999999999998,41
CQ938XE05sg_9-8-rgb_front,23.07999999999999,54
CQYIOWzYywU_1-5-rgb_front,24.65,59
CQYIOWzYywU_11-5-rgb_front,17.900000000000006,33
CQYIOWzYywU_12-5-rgb_front,18.19999999999999,39
CQYIOWzYywU_4-5-rgb_front,22.800000000000004,45
CQYIOWzYywU_5-5-rgb_front,19.22,48
CQYIOWzYywU_6-5-rgb_front,15.980000000000004,34
CQYIOWzYywU_7-5-rgb_front,18.289999999999992,42
CQsuwAS9zJk_11-8-rgb_front,14.589999999999996,16
CQsuwAS9zJk_3-8-rgb_front,16.47,52
CREPjNfswRw_10-5-rgb_front,32.169999999999995,56
CRY7RCMlqTM_2-5-rgb_front,15.440000000000001,24
CRY7RCMlqTM_3-5-rgb_front,15.210000000000004,28
CRY7RCMlqTM_6-5-rgb_front,17.28,37
CUWThEnO-OQ_0-5-rgb_front,21.93,48
CUWThEnO-OQ_4-5-rgb_front,15.689999999999998,38
C_1mKhO7PQI_13-1-rgb_front,16.830000000000013,44
C_DbdCYZc5s_7-5-rgb_front,21.67,38
C_WfqBPxfJg_2-5-rgb_front,18.160000000000004,42
C_WfqBPxfJg_3-5-rgb_front,21.83,44
C_uFvOlDoX8_3-8-rgb_front,14.069999999999999,51
CanYlZX_uyE_4-5-rgb_front,25.430000000000007,68
CanYlZX_uyE_5-5-rgb_front,17.310000000000002,22
CanYlZX_uyE_6-5-rgb_front,37.25999999999999,55
CanYlZX_uyE_7-5-rgb_front,22.970000000000027,57
CeKujp1wr9o_3-5-rgb_front,17.08,33
CeKujp1wr9o_5-5-rgb_front,13.969999999999999,30
CeKujp1wr9o_7-5-rgb_front,17.22,31
CerG8JKzDIE_1-8-rgb_front,13.780000000000001,34
CerG8JKzDIE_14-8-rgb_front,14.0,28
Cf7s3sCT3po_3-5-rgb_front,16.21,29
Cf7s3sCT3po_4-5-rgb_front,15.370000000000005,28
Cf7s3sCT3po_8-5-rgb_front,15.819999999999993,25
CftMKqnnFy4_6-5-rgb_front,24.839999999999996,52
CgYzSOc41Mc_3-5-rgb_front,17.950000000000003,33
CgYzSOc41Mc_6-5-rgb_front,16.240000000000002,37
Ch6nqZwWgbw_10-5-rgb_front,21.30000000000001,48
Ch6nqZwWgbw_2-5-rgb_front,15.490000000000002,37
ChWHBubzC3E_6-8-rgb_front,16.369999999999997,36
CjdCPLmzmc0_1_2-3-rgb_front,18.1,57
CjdCPLmzmc0_5-3-rgb_front,20.979999999999997,64
CjdCPLmzmc0_6-3-rgb_front,14.269999999999996,26
CjdCPLmzmc0_7-3-rgb_front,15.650000000000006,33
CnycvXFq8H4_10-5-rgb_front,15.220000000000013,28
CnycvXFq8H4_3-5-rgb_front,14.47,30
Cr_1k4JsycE_2-8-rgb_front,14.589999999999996,39
Cr_1k4JsycE_3-8-rgb_front,15.740000000000002,40
Cr_1k4JsycE_5-8-rgb_front,26.179999999999993,59
CsdpA_b5P8Q_6-5-rgb_front,16.699999999999996,43
Cssfh2Ujyxw_4-5-rgb_front,14.169999999999998,36
Cu1rDgWOZ9w_4-8-rgb_front,17.89,64
CxWzH1-UlNk_5-3-rgb_front,14.689999999999998,49
CyLfNgMZmc0_11-8-rgb_front,13.980000000000004,52
CyLfNgMZmc0_13-8-rgb_front,15.719999999999999,45
CylhtiqMiTc_2-8-rgb_front,15.160000000000002,35
CylhtiqMiTc_9-8-rgb_front,16.529999999999994,41
Cz1cQs0AxfM_2-5-rgb_front,16.220000000000002,38
Cz1cQs0AxfM_6-5-rgb_front,23.400000000000006,47
CzXICdEaWaY_13-8-rgb_front,15.530000000000001,60
CzXICdEaWaY_2-8-rgb_front,14.46,28
D-2jxcZeURM_11-4-rgb_front,15.489999999999995,36
D-2jxcZeURM_5-4-rgb_front,16.669999999999995,65
D2LgxrX72No_3-5-rgb_front,14.899999999999999,27
D323P3SlTr4_0-5-rgb_front,16.990000000000002,39
D323P3SlTr4_2-5-rgb_front,22.580000000000002,51
D323P3SlTr4_3_4-5-rgb_front,28.519999999999996,74
D9fI-2txDwo_1-8-rgb_front,13.72,36
D9fI-2txDwo_3-8-rgb_front,17.089999999999996,33
D9kXrUDRKu8_11-5-rgb_front,17.810000000000002,33
D9kXrUDRKu8_2-5-rgb_front,27.04,55
D9kXrUDRKu8_7-5-rgb_front,16.949999999999996,30
D9kXrUDRKu8_8-5-rgb_front,17.24000000000001,31
DBDddxX-CJA_0-8-rgb_front,18.78,39
DBDddxX-CJA_18-8-rgb_front,18.42999999999998,60
DBDddxX-CJA_19-8-rgb_front,13.859999999999985,28
DBJPKwp0ERI_16-8-rgb_front,14.769999999999996,4
DBJPKwp0ERI_3-8-rgb_front,15.43,44
DBKJ9j-g9PU_10-8-rgb_front,22.370000000000005,65
DBKJ9j-g9PU_4-8-rgb_front,19.060000000000002,57
DBKJ9j-g9PU_7-8-rgb_front,17.97,49
DBwEyk9ilmg_2-3-rgb_front,13.71,32
DC6gcj9Qykw_2-8-rgb_front,22.299999999999997,58
DC6gcj9Qykw_5-8-rgb_front,16.82,55
DDSIJfTOlBE_1-8-rgb_front,40.91,52
DDSIJfTOlBE_3-8-rgb_front,19.939999999999998,53
DDbXcFzIXH4_10-8-rgb_front,14.43,17
DE8YkWRpvYA_1-5-rgb_front,14.25,31
DE8YkWRpvYA_11-5-rgb_front,29.25999999999999,48
DE8YkWRpvYA_12-5-rgb_front,21.390000000000015,47
DE8YkWRpvYA_4-5-rgb_front,14.77,43
DE8YkWRpvYA_6-5-rgb_front,14.849999999999994,42
DEDHBxYIDwY_5-3-rgb_front,16.740000000000002,51
DEFRl-3IycE_9-5-rgb_front,16.36999999999999,20
DG-NczwMCoM_22-5-rgb_front,13.860000000000014,16
DG-NczwMCoM_7-5-rgb_front,16.230000000000004,26
DI6T6tbk3r0_1-5-rgb_front,14.079999999999998,26
DI6T6tbk3r0_14-5-rgb_front,18.5,35
DI6T6tbk3r0_15-5-rgb_front,22.950000000000017,46
DJAnvtfxgzQ_4-5-rgb_front,18.900000000000002,26
DJAnvtfxgzQ_9-5-rgb_front,15.009999999999991,13
DK4Orp3D7wA_10-8-rgb_front,16.38000000000001,45
DK4Orp3D7wA_8-8-rgb_front,15.120000000000005,39
DKGsr1JDrf4_1-5-rgb_front,15.680000000000001,27
DKGsr1JDrf4_2-5-rgb_front,22.25,49
DKGsr1JDrf4_4-5-rgb_front,19.33,36
DKdW6iMMdxA_1-11-rgb_front,15.389999999999999,11
DLeyYmQIz5M_5-3-rgb_front,17.79,39
DLeyYmQIz5M_6-3-rgb_front,15.000000000000007,31
DPBciYELWjg_3-5-rgb_front,18.200000000000003,35
DPBciYELWjg_4-5-rgb_front,16.690000000000005,39
DPBciYELWjg_7-5-rgb_front,13.969999999999999,33
DPBciYELWjg_9-5-rgb_front,18.849999999999994,35
DPSMwzmmouw_5-8-rgb_front,13.900000000000002,30
DQ-FXTeLKs8_0-5-rgb_front,21.660000000000004,21
DQ-FXTeLKs8_12-5-rgb_front,20.210000000000008,41
DQ-FXTeLKs8_4-5-rgb_front,24.689999999999998,43
DQ-FXTeLKs8_6-5-rgb_front,22.89,18
DQ2jzTipt_E_4-5-rgb_front,15.440000000000001,24
DQ2jzTipt_E_6-5-rgb_front,15.0,31
DQ9eIUHjxIo_1-8-rgb_front,14.370000000000001,48
DQpWvqgWMx8_24-8-rgb_front,14.689999999999998,42
DQx6Ku390YU_2-8-rgb_front,13.65,31
DQx6Ku390YU_5-8-rgb_front,20.819999999999993,40
DRNMejwhY0Q_5-2-rgb_front,15.630000000000003,50
DSVW7Ak0qQw_1-5-rgb_front,18.58,41
DSVW7Ak0qQw_3-5-rgb_front,16.779999999999994,48
DSVW7Ak0qQw_4-5-rgb_front,14.89,22
DSVW7Ak0qQw_6-5-rgb_front,15.540000000000006,35
DUARl5i9XQ8_1-5-rgb_front,16.33,34
DUARl5i9XQ8_2-5-rgb_front,17.780000000000005,38
DUARl5i9XQ8_5-5-rgb_front,26.61,34
DUibfm91PN0_1-8-rgb_front,16.36,46
DUibfm91PN0_6-8-rgb_front,15.020000000000003,59
DV0RkzXMDQc_1-5-rgb_front,17.660000000000004,46
DV0RkzXMDQc_2-5-rgb_front,28.01,78
DV0RkzXMDQc_3-5-rgb_front,20.270000000000003,47
DV0RkzXMDQc_4-5-rgb_front,17.25,56
DV0RkzXMDQc_5-5-rgb_front,23.659999999999997,65
DW_3T1igwx4_1-1-rgb_front,17.630000000000003,20
DWvKuuJhmos_27-8-rgb_front,13.849999999999994,18
DXZnIJIa918_11-8-rgb_front,14.330000000000013,35
DXZnIJIa918_15-8-rgb_front,17.819999999999993,33
DXZnIJIa918_16-8-rgb_front,15.969999999999999,43
D_w6T4nO-KA_7-8-rgb_front,16.95,71
D_w6T4nO-KA_8-8-rgb_front,15.530000000000001,66
D_w6T4nO-KA_9-8-rgb_front,16.580000000000005,66
Db5SUQvNsHc_8-1-rgb_front,18.9,67
DcnH1GxziLs_10-8-rgb_front,13.75,36
Dd6r7jX4VOQ_11-3-rgb_front,14.480000000000004,37
Dd6r7jX4VOQ_3-3-rgb_front,16.189999999999998,57
De2llnXYz1U_12_13-5-rgb_front,17.290000000000006,35
Dg2DjTVCGww_21-4-rgb_front,13.969999999999999,51
DiLm4237V8s_1-8-rgb_front,26.53,40
DlfWkmIQFsA_12-5-rgb_front,24.120000000000005,33
DnWpxYlY4cc_0-5-rgb_front,14.739999999999998,27
DnWpxYlY4cc_1-5-rgb_front,15.050000000000004,34
DnWpxYlY4cc_2_3-5-rgb_front,35.480000000000004,75
DnWpxYlY4cc_4-5-rgb_front,16.659999999999997,25
DoASe1QfXuI_5-3-rgb_front,16.340000000000003,57
DopLUa7Gl8s_4-5-rgb_front,16.509999999999998,30
DopLUa7Gl8s_5-5-rgb_front,15.619999999999997,29
DpR_FCiPIBA_2-1-rgb_front,14.219999999999999,22
DrZTDpIH7bk_0-5-rgb_front,34.05,66
DrZTDpIH7bk_1-5-rgb_front,34.98,65
DrZTDpIH7bk_2-5-rgb_front,37.06999999999999,64
DrzPForr8Yw_1-5-rgb_front,26.25,72
DrzPForr8Yw_3-5-rgb_front,20.200000000000003,57
DrzPForr8Yw_5-5-rgb_front,28.47,77
DsbLRAdnEHM_3-5-rgb_front,13.65,44
Du41T4cbdds_14-5-rgb_front,17.24000000000001,30
Du41T4cbdds_3-5-rgb_front,14.61,33
DvKS20WKiX4_2_3_4_5_6_7-8-rgb_front,13.99,32
Dw9swLUK-Ek_11-5-rgb_front,20.029999999999987,36
Dw9swLUK-Ek_14-5-rgb_front,17.110000000000014,28
Dw9swLUK-Ek_4-5-rgb_front,13.630000000000003,18
DwB2ujCHykM_0-5-rgb_front,30.279999999999998,64
DwB2ujCHykM_1-5-rgb_front,18.449999999999996,46
DwB2ujCHykM_13-5-rgb_front,19.049999999999983,27
DwB2ujCHykM_2-5-rgb_front,19.65,38
DwB2ujCHykM_5-5-rgb_front,22.560000000000002,61
DwB2ujCHykM_8-5-rgb_front,16.11,26
DxDbmYtzT14_6-8-rgb_front,15.260000000000005,38
Dxk6YjZDmpI_11-11-rgb_front,14.11,29
Dxk6YjZDmpI_5-11-rgb_front,17.589999999999996,22
E-BhAvB5n6I_1-8-rgb_front,21.0,45
E-BhAvB5n6I_2-8-rgb_front,19.680000000000003,61
E-PDvv4N-uE_7-5-rgb_front,16.03,33
E-PDvv4N-uE_9-5-rgb_front,18.03,45
E-YP10G7QdI_1-3-rgb_front,15.950000000000001,16
E-YP10G7QdI_13-3-rgb_front,17.33,51
E-YP10G7QdI_8-3-rgb_front,14.050000000000004,41
E-njnp8kIXA_10-5-rgb_front,17.11,43
E-njnp8kIXA_11-5-rgb_front,15.790000000000006,37
E-njnp8kIXA_4-5-rgb_front,14.829999999999998,21
E29uPL981ZQ_26-1-rgb_front,19.539999999999992,52
E3r2mQix7Uo_11-5-rgb_front,15.649999999999991,28
E3r2mQix7Uo_12-5-rgb_front,32.540000000000006,54
E4dMO7t5pBI_10-8-rgb_front,16.709999999999994,47
E4dMO7t5pBI_12-8-rgb_front,14.620000000000005,28
E4dMO7t5pBI_15-8-rgb_front,24.50999999999999,55
E4dMO7t5pBI_5-8-rgb_front,16.549999999999997,44
E4dMO7t5pBI_7-8-rgb_front,34.05,72
E5DPRjL6agA_5-8-rgb_front,17.619999999999997,43
E6lt9dk8HTs_0-8-rgb_front,24.88,61
E6lt9dk8HTs_3-8-rgb_front,14.11,53
E6lt9dk8HTs_4-8-rgb_front,21.340000000000003,46
E6lt9dk8HTs_5-8-rgb_front,18.480000000000004,51
E7MoG6eOLU4_1-5-rgb_front,16.49,23
E7MoG6eOLU4_2-5-rgb_front,18.409999999999997,17
E7MoG6eOLU4_3-5-rgb_front,16.67,44
E7MoG6eOLU4_4-5-rgb_front,17.840000000000003,31
E7MoG6eOLU4_5-5-rgb_front,29.069999999999993,20
E7MoG6eOLU4_7-5-rgb_front,21.92,45
E9l9MijxduM_3_4-5-rgb_front,17.21,29
EA5TtaqpJ9w_13-4-rgb_front,16.25999999999999,43
EA5TtaqpJ9w_20-4-rgb_front,13.790000000000006,30
EA5TtaqpJ9w_7-4-rgb_front,38.440000000000005,13
EBc1o6yZcoQ_2-5-rgb_front,15.07,49
EBc1o6yZcoQ_6-5-rgb_front,15.200000000000003,44
EDwjk7W45lo_13-8-rgb_front,17.060000000000002,34
EDwjk7W45lo_15-8-rgb_front,13.629999999999995,42
EEMLjP2s3Sg_1-11-rgb_front,18.0,25
EEMLjP2s3Sg_11-11-rgb_front,16.840000000000003,32
EEMLjP2s3Sg_6-11-rgb_front,33.61999999999999,37
EF3OUyjt6PE_1-3-rgb_front,29.1,104
EFaag-4WI58_11-2-rgb_front,24.340000000000003,67
EFaag-4WI58_14-2-rgb_front,20.400000000000006,60
EI6DNHOvn40_4-8-rgb_front,32.53,93
EIpx6DCSGFA_10-5-rgb_front,21.08999999999999,41
ELjAzrkPx0s_5-5-rgb_front,16.779999999999998,14
EMi4hyW42Fs_1-5-rgb_front,14.24,27
EMi4hyW42Fs_13-5-rgb_front,14.930000000000007,32
EMi4hyW42Fs_6-5-rgb_front,15.050000000000004,39
EMi4hyW42Fs_7-5-rgb_front,14.930000000000007,33
EN-WLnmBPjI_9-3-rgb_front,17.36,55
EN_Lv4gfL_A_9-8-rgb_front,14.089999999999996,48
EOHrybLEPs4_4-11-rgb_front,14.930000000000001,26
EP6wVTJ7yjk_8-5-rgb_front,15.380000000000003,22
EQU6DoctO2Q_1-5-rgb_front,14.240000000000002,20
EQU6DoctO2Q_2-5-rgb_front,31.67,49
EQU6DoctO2Q_3-5-rgb_front,14.449999999999996,39
EQU6DoctO2Q_4-5-rgb_front,14.329999999999998,31
ER9YIeOTAkA_1-5-rgb_front,14.49,23
ER9YIeOTAkA_4-5-rgb_front,16.68,34
ERrylmFZEZM_1-5-rgb_front,17.810000000000002,29
ERrylmFZEZM_3-5-rgb_front,23.15,35
ERrylmFZEZM_6-5-rgb_front,19.090000000000003,22
ESNX4Yoy2M8_0_1_2-5-rgb_front,14.219999999999999,32
ESNX4Yoy2M8_5-5-rgb_front,14.05,27
ESNX4Yoy2M8_7-5-rgb_front,15.530000000000001,35
EUX-PNdmh-g_3-5-rgb_front,14.469999999999999,34
EUX-PNdmh-g_5-5-rgb_front,13.75,38
EUX-PNdmh-g_8-5-rgb_front,24.560000000000002,51
EVXMvKdabuc_18-1-rgb_front,18.849999999999994,68
EVXMvKdabuc_26-1-rgb_front,16.299999999999983,12
EWKHuFQm9GI_11-5-rgb_front,14.070000000000007,27
EWKHuFQm9GI_6-5-rgb_front,21.490000000000002,45
EYEhiZ6Y0Fs_2-5-rgb_front,28.51,67
EYEhiZ6Y0Fs_4-5-rgb_front,16.96,22
EYEhiZ6Y0Fs_5-5-rgb_front,48.42999999999999,114
EYEw-9w4dRI_13-3-rgb_front,17.450000000000003,44
EZA0R3KNbYc_1-5-rgb_front,24.1,64
EZA0R3KNbYc_2-5-rgb_front,30.770000000000003,71
EZA0R3KNbYc_3-5-rgb_front,14.530000000000001,45
EZA0R3KNbYc_6-5-rgb_front,15.659999999999997,44
E_uBBA0Cdh0_0-5-rgb_front,15.53,30
EahG_9V_nEc_4-8-rgb_front,52.959999999999994,31
EauGmYmH6rc_7-5-rgb_front,17.930000000000007,61
EauGmYmH6rc_9-5-rgb_front,41.260000000000005,172
EbGnmoS4D4U_11-8-rgb_front,14.519999999999996,34
EbGnmoS4D4U_7-8-rgb_front,14.130000000000003,41
EeVXp0hN3qY_9-5-rgb_front,14.690000000000005,39
Eeg85JitLz0_3-3-rgb_front,15.080000000000002,49
Eeg85JitLz0_5-3-rgb_front,43.269999999999996,75
EfHyeua7X_w_0-8-rgb_front,16.33,56
EfHyeua7X_w_5-8-rgb_front,16.059999999999995,52
Eh4cZxdMMc8_17-8-rgb_front,15.040000000000006,28
Eh4cZxdMMc8_22-8-rgb_front,20.89,40
Eh4cZxdMMc8_7-8-rgb_front,18.93,17
EhRYdxh3OTc_9-8-rgb_front,81.09,7
EhkIOccpxGw_3-5-rgb_front,16.470000000000002,33
EhkIOccpxGw_8-5-rgb_front,22.47,32
EicYnoErTkI_2-1-rgb_front,16.75,65
EicYnoErTkI_5-1-rgb_front,20.21,69
EmJxMCutzz0_11-5-rgb_front,17.959999999999994,19
EmmuWoCUgXs_10-8-rgb_front,15.539999999999992,50
EmmuWoCUgXs_14-8-rgb_front,15.969999999999999,43
EmmuWoCUgXs_17-8-rgb_front,25.110000000000014,61
EmxarfGOKd0_1-8-rgb_front,19.19,45
EmxarfGOKd0_3-8-rgb_front,15.079999999999998,47
EmxarfGOKd0_8-8-rgb_front,14.720000000000006,44
EnTdOClhYyo_3-5-rgb_front,15.36,21
EqJqWYBEUPQ_4-8-rgb_front,32.8,76
Es5VTK3IOv0_19-5-rgb_front,27.370000000000005,63
Es5VTK3IOv0_20-5-rgb_front,21.19999999999999,53
EsJY3ApXuEM_4-5-rgb_front,23.53000000000001,31
EtbvdM_PTy0_12-5-rgb_front,14.969999999999999,36
EtbvdM_PTy0_4-5-rgb_front,14.29,17
EtbvdM_PTy0_6-5-rgb_front,19.519999999999996,27
EtbvdM_PTy0_9-5-rgb_front,21.989999999999995,25
EzxBtwD-HEE_3-5-rgb_front,17.419999999999998,33
EzxBtwD-HEE_4-5-rgb_front,14.229999999999997,29
EzxBtwD-HEE_5-5-rgb_front,13.740000000000002,29
EzxBtwD-HEE_8-5-rgb_front,16.36,27
F-SWOerlNoE_11-5-rgb_front,21.30000000000001,48
F-SWOerlNoE_12-5-rgb_front,14.340000000000003,26
F-SWOerlNoE_7-5-rgb_front,14.469999999999999,37
F-SWOerlNoE_9-5-rgb_front,19.35,34
F0Cu-UAAR8I_6-8-rgb_front,17.629999999999995,37
F0Cu-UAAR8I_9-8-rgb_front,16.61999999999999,29
F2p-lvoavoI_3-5-rgb_front,24.19,51
F2p-lvoavoI_7-5-rgb_front,16.599999999999994,25
F3OMfGoPZxo_5-8-rgb_front,16.9,52
F3OMfGoPZxo_7-8-rgb_front,14.049999999999997,36
F4vLouSKy4c_16_17_18_19_20-8-rgb_front,23.340000000000003,44
F56XdIDaTVE_24_25_26_27-5-rgb_front,15.290000000000006,21
F5aaCX9R5K0_14-5-rgb_front,14.060000000000002,36
F5aaCX9R5K0_21-5-rgb_front,18.75,41
F5zIuQnrWNc_12-5-rgb_front,14.0,36
F5zIuQnrWNc_16-5-rgb_front,14.169999999999987,31
F5zIuQnrWNc_9-5-rgb_front,13.920000000000002,26
F8eQI8E-6q4_10-5-rgb_front,17.39,38
F9ULOg0Q9jk_10-9-rgb_front,28.689999999999998,47
FBSO2ja6XpE_1-5-rgb_front,17.81,27
FBSO2ja6XpE_2-5-rgb_front,35.0,71
FDWeetAw9Sc_7-1-rgb_front,52.63999999999999,37
FGRuEn1-V4U_2-5-rgb_front,21.120000000000005,34
FGRuEn1-V4U_3-5-rgb_front,23.730000000000004,40
FGRuEn1-V4U_4-5-rgb_front,20.109999999999992,43
FGfPccy3juw_1-5-rgb_front,15.27,33
FIbFH_Tdnb8_2-1-rgb_front,143.03,19
FJgO-FICHlA_2-5-rgb_front,14.73,30
FJgO-FICHlA_4-5-rgb_front,14.25,21
FJgO-FICHlA_6-5-rgb_front,15.919999999999995,34
FJpeot48AYY_5-5-rgb_front,19.739999999999995,48
FJpeot48AYY_8-5-rgb_front,31.6,8
FJwlsdc-urQ_5-8-rgb_front,17.01,16
FKiT39gL9Jc_5-8-rgb_front,55.89,11
FLMh3vqItb0_1-5-rgb_front,14.840000000000002,46
FLMh3vqItb0_9-5-rgb_front,22.239999999999995,47
FOHNo-685Bw_11-5-rgb_front,25.86,42
FPrycDEavVk_0-8-rgb_front,14.28,29
FPrycDEavVk_1-8-rgb_front,18.910000000000004,46
FPrycDEavVk_3-8-rgb_front,14.989999999999995,24
FPrycDEavVk_5-8-rgb_front,16.060000000000002,21
FQqIi37HCq0_5-5-rgb_front,14.700000000000003,32
FQqIi37HCq0_9-5-rgb_front,32.07000000000001,77
FQsLcgxOReU_8-5-rgb_front,22.53000000000001,54
FSEbzZjZg0A_10-5-rgb_front,13.860000000000007,23
FSEbzZjZg0A_15-5-rgb_front,16.89,11
FTuTLRq7014_3-8-rgb_front,14.280000000000001,48
FU_ELIq7e8E_4_5-4-rgb_front,27.939999999999998,72
FW1gcMU_joc_4-5-rgb_front,15.730000000000004,45
FW1gcMU_joc_6-5-rgb_front,14.990000000000009,24
FWOQPBc3kyY_6-5-rgb_front,16.730000000000004,19
FWi7va17oUQ_3-9-rgb_front,16.24,30
FWxpecaJ2mA_6-5-rgb_front,18.209999999999994,29
F_oZD0P0Ysk_3-5-rgb_front,18.310000000000002,36
F_oZD0P0Ysk_8-5-rgb_front,25.97,56
FaDSFhcBlHI_4-8-rgb_front,15.830000000000002,31
FaDSFhcBlHI_5-8-rgb_front,25.580000000000005,46
FaDSFhcBlHI_9-8-rgb_front,15.39,21
FadLsYNd2tk_10-5-rgb_front,16.849999999999994,22
FadLsYNd2tk_4-5-rgb_front,18.590000000000003,65
FcAgbLF6__s_8-5-rgb_front,24.36,47
Fc_C-H8LD3E_12-5-rgb_front,21.74000000000001,43
Fc_C-H8LD3E_9-5-rgb_front,13.71,39
Fe3fHJM12gc_0-5-rgb_front,17.979999999999997,42
Fe3fHJM12gc_1-5-rgb_front,27.850000000000005,38
Fe3fHJM12gc_3-5-rgb_front,46.93,26
Fe5w2GFeirI_0-5-rgb_front,32.760000000000005,104
FeiXGQ4f1xY_6-9-rgb_front,15.79,13
FeiXGQ4f1xY_7-9-rgb_front,23.939999999999998,61
FeiXGQ4f1xY_8-9-rgb_front,18.35000000000001,37
FgGpmFW4vvk_6-5-rgb_front,60.95,28
FgGpmFW4vvk_7-5-rgb_front,17.21,36
FgY0hTUDhsw_14-5-rgb_front,35.129999999999995,45
FgY0hTUDhsw_8-5-rgb_front,18.750000000000004,5
Fi7eWZ_NcJw_4-5-rgb_front,15.569999999999997,43
Fi7eWZ_NcJw_8-5-rgb_front,16.549999999999997,19
Fii1YOmjEwQ_11-9-rgb_front,14.150000000000006,28
Fii1YOmjEwQ_12-9-rgb_front,19.13000000000001,40
FkXTd89z44o_5-5-rgb_front,14.149999999999999,38
FkXTd89z44o_6-5-rgb_front,14.839999999999996,38
FkXTd89z44o_8-5-rgb_front,14.629999999999995,20
Fl0HB3CKr6k_1-5-rgb_front,16.87,25
Fl0HB3CKr6k_10-5-rgb_front,15.680000000000007,24
Fl0HB3CKr6k_11-5-rgb_front,18.610000000000014,45
Fl0HB3CKr6k_12-5-rgb_front,22.72,44
Fl0HB3CKr6k_13-5-rgb_front,18.79000000000002,31
Fl0HB3CKr6k_3-5-rgb_front,15.43,24
Fl0HB3CKr6k_4-5-rgb_front,13.719999999999992,26
FlXsdKWNhlM_6-8-rgb_front,15.460000000000004,27
Fm3GUFEh5LM_6-8-rgb_front,16.17,36
Fm3GUFEh5LM_9-8-rgb_front,18.939999999999998,31
FoiJ4mTiW18_6-9-rgb_front,30.29,98
FoiJ4mTiW18_7-9-rgb_front,16.74000000000001,16
FoiJ4mTiW18_8-9-rgb_front,28.480000000000004,66
Fp15jJGIfkA_12-5-rgb_front,18.340000000000003,23
Fp15jJGIfkA_3-5-rgb_front,13.979999999999997,31
Fs7CJqyjFaY_5-8-rgb_front,14.409999999999997,32
Fwdg09U5WqQ_12-1-rgb_front,16.33,46
Fwdg09U5WqQ_8-1-rgb_front,15.119999999999997,43
_0-JkwZ9o4Q_12-5-rgb_front,17.559999999999988,23
_0-JkwZ9o4Q_9-5-rgb_front,16.15,22
_20g7MG8K1U_7-8-rgb_front,13.869999999999997,40
_20g7MG8K1U_9-8-rgb_front,16.58,49
_2u0MkRqpjA_0-5-rgb_front,23.11,35
_2u0MkRqpjA_2-5-rgb_front,21.259999999999998,39
_2u0MkRqpjA_3-5-rgb_front,16.939999999999998,41
_2u0MkRqpjA_6-5-rgb_front,26.47,49
_4PBd_wiX_A_1-5-rgb_front,15.55,30
_4PBd_wiX_A_2-5-rgb_front,21.33,33
_4PBd_wiX_A_4-5-rgb_front,19.190000000000005,47
_5LwGjy_bY8_10-5-rgb_front,18.14999999999999,38
_5LwGjy_bY8_4-5-rgb_front,29.13,51
_5keJZsmTh0_2-5-rgb_front,13.630000000000003,39
_ClrZy5Kkkk_14-5-rgb_front,14.100000000000009,40
_ClrZy5Kkkk_19-5-rgb_front,16.499999999999986,29
_ClrZy5Kkkk_23-5-rgb_front,20.120000000000005,54
_Dh512GX6d8_12-8-rgb_front,15.030000000000001,34
_EWaSDEvpAY_19-5-rgb_front,17.89999999999999,22
_En4SUmr1S8_8-8-rgb_front,16.36,57
_FS9zbJi8qE_16-8-rgb_front,16.14,32
_ci1ieBsGVw_8-8-rgb_front,16.050000000000004,57
a-WMWISI12s_12-2-rgb_front,14.14,43
a-WMWISI12s_13-2-rgb_front,13.669999999999987,50
a0te0H5ms1Y_23-9-rgb_front,17.78,43
a0te0H5ms1Y_6-9-rgb_front,21.86,55
a3kZdrIq20o_8-8-rgb_front,22.740000000000002,54
a6BASjKKw1U_10-5-rgb_front,16.119999999999997,27
a6xKFGeHX4A_19-5-rgb_front,21.319999999999993,25
a6xKFGeHX4A_20-5-rgb_front,16.02000000000001,31
a7BqyLnTfqo_10-5-rgb_front,19.279999999999994,53
a7BqyLnTfqo_17-5-rgb_front,17.450000000000017,42
a8QR93muFQ0_15-8-rgb_front,15.829999999999998,60
a8phf6lZ3pM_2-5-rgb_front,14.15,27
a8phf6lZ3pM_3-5-rgb_front,15.149999999999999,26
a8phf6lZ3pM_4-5-rgb_front,14.46,16
a8phf6lZ3pM_5-5-rgb_front,19.64999999999999,35
a8zoNzPmXik_10-8-rgb_front,16.049999999999997,57
a8zoNzPmXik_9-8-rgb_front,21.819999999999993,63
a9abAEFmEQQ_4-5-rgb_front,18.39,15
aAJxGyiEEHU_6-5-rgb_front,16.4,23
aAxwZVOGyXs_3-5-rgb_front,13.84,40
aAxwZVOGyXs_4-5-rgb_front,17.9,45
aBvr3KFxFRw_5-5-rgb_front,17.040000000000006,23
aBvr3KFxFRw_6-5-rgb_front,14.219999999999999,28
aCc-DzPTDo4_15-5-rgb_front,13.879999999999995,22
aCc-DzPTDo4_28-5-rgb_front,21.27000000000001,55
aCc-DzPTDo4_3-5-rgb_front,16.98,50
aCc-DzPTDo4_5-5-rgb_front,14.100000000000001,35
aCc-DzPTDo4_7-5-rgb_front,15.680000000000007,36
aCc-DzPTDo4_9-5-rgb_front,24.78,74
aD-Fbewpd3s_27-8-rgb_front,24.659999999999997,13
aD13SrgLiYM_5-9-rgb_front,68.2,11
aD13SrgLiYM_7-9-rgb_front,14.030000000000001,38
aD7Kmdiuigo_1-5-rgb_front,14.42,7
aE7Yb_KJLUk_16-8-rgb_front,14.459999999999994,23
aF2UwmXKdI4_2-5-rgb_front,17.089999999999996,48
aFIzcs0uO6U_6-8-rgb_front,14.349999999999998,34
aG2-aeelqto_6-5-rgb_front,19.590000000000003,42
aGITFRfpMJA_16-8-rgb_front,15.810000000000002,41
aGITFRfpMJA_8-8-rgb_front,15.649999999999999,15
aGITk8jgtwQ_12-5-rgb_front,26.960000000000008,51
aGITk8jgtwQ_4-5-rgb_front,13.739999999999998,25
aGpGS2MOGgQ_0-8-rgb_front,19.52,41
aI092VEhmRU_8-8-rgb_front,14.68,37
aJpNFZd3uPw_23-5-rgb_front,13.759999999999991,31
aKF1llwN-O8_3-8-rgb_front,13.999999999999998,40
aKF1llwN-O8_4-8-rgb_front,19.15,56
aLhtVMR3SNw_0-5-rgb_front,18.310000000000002,32
aLhtVMR3SNw_2-5-rgb_front,15.280000000000001,22
aLhtVMR3SNw_5-5-rgb_front,20.089999999999996,54
aLhtVMR3SNw_7-5-rgb_front,17.510000000000005,60
aLhtVMR3SNw_8-5-rgb_front,16.459999999999994,32
aOZYGJYBzAo_7-8-rgb_front,13.780000000000001,47
aRLsDsSFCkg_4-5-rgb_front,33.92,73
aSafa3cyBuw_10-5-rgb_front,14.450000000000003,22
aSafa3cyBuw_11-5-rgb_front,19.309999999999988,19
aSafa3cyBuw_22-5-rgb_front,13.659999999999997,25
aSafa3cyBuw_25-5-rgb_front,19.180000000000007,34
aSafa3cyBuw_34-5-rgb_front,24.30000000000001,28
aSafa3cyBuw_6-5-rgb_front,13.880000000000003,20
aSafa3cyBuw_7-5-rgb_front,16.660000000000004,38
aSjHu-I75bE_1-5-rgb_front,16.59,30
aSjHu-I75bE_15-5-rgb_front,14.810000000000002,25
aUBQCNegrYc_8-1-rgb_front,14.049999999999997,31
aUNq3KEIP-M_4-8-rgb_front,18.41,54
aVY3jET8UVY_13-5-rgb_front,14.549999999999997,27
aWQtkHYFJWo_2-5-rgb_front,24.130000000000003,41
aWQtkHYFJWo_3-5-rgb_front,38.33,68
aa3nSACjDQM_17-5-rgb_front,14.079999999999984,35
aa3nSACjDQM_18-5-rgb_front,15.929999999999978,30
aa3nSACjDQM_19-5-rgb_front,16.26000000000002,44
aa3nSACjDQM_2-5-rgb_front,15.580000000000002,28
aa3nSACjDQM_22-5-rgb_front,15.51000000000002,29
abCTdCOQjEQ_7-5-rgb_front,22.74000000000001,16
abCTdCOQjEQ_8-5-rgb_front,36.73999999999998,62
achHLgzoXMk_2-8-rgb_front,15.29,29
achHLgzoXMk_4-8-rgb_front,80.74000000000001,13
aewpNjI88kw_11-5-rgb_front,14.539999999999992,21
aewpNjI88kw_7-5-rgb_front,22.339999999999996,37
ah-PM4tolJ4_32-5-rgb_front,17.159999999999997,14
ah-PM4tolJ4_6-5-rgb_front,19.92,32
ahFPP9GYuHE_1-8-rgb_front,19.31,54
ahFPP9GYuHE_2-8-rgb_front,20.979999999999997,63
ahki1p2lqPI_10-8-rgb_front,18.819999999999993,62
ahki1p2lqPI_11-8-rgb_front,24.700000000000017,71
ahki1p2lqPI_6-8-rgb_front,21.050000000000004,56
ahki1p2lqPI_7-8-rgb_front,18.870000000000005,55
ahki1p2lqPI_9-8-rgb_front,28.560000000000002,69
aibMW4Xt7wA_0-4-rgb_front,14.57,26
ajzZA5OKRvc_4-5-rgb_front,13.780000000000001,29
ajzZA5OKRvc_8-5-rgb_front,14.829999999999998,33
alF9DejhzXM_4-8-rgb_front,48.08,87
amLBHkcnUwE_3-3-rgb_front,23.16,63
anxhVQxvPGs_11-5-rgb_front,14.149999999999991,23
anxhVQxvPGs_12-5-rgb_front,20.33,28
ao4EesD6R44_0-5-rgb_front,24.490000000000002,56
ao4EesD6R44_13-5-rgb_front,21.310000000000002,42
ao4EesD6R44_2-5-rgb_front,13.939999999999998,24
ao4EesD6R44_8-5-rgb_front,22.069999999999993,37
ao9GdnEgTGQ_3-5-rgb_front,14.73,29
ao9GdnEgTGQ_5-5-rgb_front,14.469999999999999,38
ao9GdnEgTGQ_7-5-rgb_front,17.739999999999995,35
aoJGFkOHUmY_9-8-rgb_front,14.64,48
aopX3CjX5-Q_11-1-rgb_front,15.030000000000001,32
apME2W12Uwo_13-8-rgb_front,18.110000000000014,20
atQrRCf_Xxw_10-8-rgb_front,13.799999999999997,24
auzKzVIhTuE_3-5-rgb_front,15.55,27
auzKzVIhTuE_4-5-rgb_front,16.659999999999997,36
auzKzVIhTuE_5-5-rgb_front,15.379999999999995,26
auzKzVIhTuE_8-5-rgb_front,19.710000000000008,33
av-Klzbg3HI_3-5-rgb_front,29.990000000000002,38
av-Klzbg3HI_4-5-rgb_front,22.099999999999994,38
azQqsfnTGgs_4-5-rgb_front,18.83,47
azQqsfnTGgs_6-5-rgb_front,15.500000000000007,41
azQqsfnTGgs_8-5-rgb_front,14.530000000000001,25
aziKlBI09Ug_1-8-rgb_front,14.950000000000001,37
aziKlBI09Ug_7-8-rgb_front,20.740000000000002,34
b-341m5ri_A_15-5-rgb_front,14.299999999999997,32
b-341m5ri_A_16-5-rgb_front,33.329999999999984,62
b-341m5ri_A_4-5-rgb_front,14.719999999999999,34
b-ATx2kXGCY_6-3-rgb_front,24.46,70
b-KLhKET2d4_18-2-rgb_front,16.870000000000005,35
b-KLhKET2d4_19-2-rgb_front,18.080000000000013,40
b-KLhKET2d4_4-2-rgb_front,14.45,30
b-KLhKET2d4_9-2-rgb_front,18.650000000000006,36
b-PYYUYz1V4_10-2-rgb_front,16.929999999999993,44
b-PYYUYz1V4_16-2-rgb_front,15.060000000000002,26
b-PYYUYz1V4_5-2-rgb_front,15.79,31
b0KaiY9OZa8_4-5-rgb_front,28.12,54
b1hxJIvcgls_12-8-rgb_front,15.239999999999995,55
b1wLBVvtPCI_0-5-rgb_front,16.87,50
b2k59617MJs_0_1-5-rgb_front,21.130000000000003,56
b2k59617MJs_2-5-rgb_front,18.459999999999997,30
b2k59617MJs_3-5-rgb_front,55.13,113
b2k59617MJs_5-5-rgb_front,39.41000000000001,61
b2k59617MJs_7-5-rgb_front,15.650000000000006,52
b32g5NvG9Qc_4-8-rgb_front,21.13,49
b32g5NvG9Qc_5_6-8-rgb_front,26.86,70
b33htMHPtl8_2-5-rgb_front,20.89,38
b33htMHPtl8_4-5-rgb_front,15.130000000000003,26
b33htMHPtl8_5-5-rgb_front,16.86,37
b33htMHPtl8_9-5-rgb_front,22.060000000000002,43
b3oisnNQnFM_7-8-rgb_front,13.660000000000004,40
b4WYMWXVP5A_3-5-rgb_front,17.14,26
b4WYMWXVP5A_6-5-rgb_front,16.190000000000005,30
b4WYMWXVP5A_9-5-rgb_front,13.949999999999989,30
bAnA79gWZXI_12-5-rgb_front,22.49000000000001,32
bAnA79gWZXI_18-5-rgb_front,14.20999999999998,25
bCpx9dkhBgc_6-5-rgb_front,19.290000000000006,20
bH1KCt78l7c_6-8-rgb_front,18.89,41
bH1KCt78l7c_8-8-rgb_front,16.939999999999998,46
bHEw7t7tJsc_27-5-rgb_front,14.38000000000001,30
bIFSc66t0u4_0-8-rgb_front,15.47,42
bIFSc66t0u4_12-8-rgb_front,22.78,58
bIFSc66t0u4_17-8-rgb_front,14.819999999999993,45
bIFSc66t0u4_2-8-rgb_front,16.36,35
bIFSc66t0u4_3-8-rgb_front,15.280000000000001,25
bIFSc66t0u4_4-8-rgb_front,18.46999999999999,29
bIFSc66t0u4_9-8-rgb_front,20.0,46
bLR_bcYb0uI_10-5-rgb_front,36.2,58
bLR_bcYb0uI_6-5-rgb_front,22.93,26
bLR_bcYb0uI_7-5-rgb_front,17.559999999999995,28
bP8YvikdELg_14-5-rgb_front,14.43999999999999,8
bPC1As0rH1I_15-8-rgb_front,16.58,45
bQq6NvgulaY_3-3-rgb_front,17.04,33
bRkUI98OdoQ_1-1-rgb_front,16.28,27
bRkUI98OdoQ_2-1-rgb_front,14.93,47
bRkUI98OdoQ_3-1-rgb_front,15.689999999999998,27
bUM8cFhqG64_1-8-rgb_front,15.309999999999999,53
bUM8cFhqG64_2-8-rgb_front,28.880000000000003,54
bUM8cFhqG64_3-8-rgb_front,28.17,48
bUZZ_dE8kbs_2-8-rgb_front,17.7,44
bV7YzyvngPo_11-5-rgb_front,15.670000000000002,9
bV7YzyvngPo_2-5-rgb_front,19.0,37
bYiJSQI2Wzs_11-8-rgb_front,23.50999999999999,31
bYiJSQI2Wzs_12-8-rgb_front,16.319999999999993,39
bYiJSQI2Wzs_13-8-rgb_front,14.75,41
bYiJSQI2Wzs_14-8-rgb_front,18.92999999999998,42
bYiJSQI2Wzs_9-8-rgb_front,14.14,36
bZGB3xR6dWU_4-5-rgb_front,18.410000000000004,39
bZGB3xR6dWU_6-5-rgb_front,19.08,33
bZfiiqG_cF8_15-5-rgb_front,26.040000000000006,36
bZfiiqG_cF8_18_19-5-rgb_front,39.55,60
bZfiiqG_cF8_24-5-rgb_front,27.329999999999984,42
bb2M6v4T7ZA_2-8-rgb_front,13.7,29
bb2M6v4T7ZA_3-8-rgb_front,21.919999999999998,36
bb2M6v4T7ZA_8-8-rgb_front,18.25,59
bbIbBpRt8IM_1-5-rgb_front,14.07,31
bbIbBpRt8IM_2-5-rgb_front,20.46,52
bbIbBpRt8IM_5-5-rgb_front,19.96,53
bbNhK0g8fJY_14-8-rgb_front,16.409999999999997,16
bchTW6mS9eM_3-5-rgb_front,21.62,36
bchTW6mS9eM_5-5-rgb_front,14.949999999999996,8
berpJe71eNY_9-4-rgb_front,14.070000000000007,37
bgGB_uXI5Sc_10-8-rgb_front,17.210000000000008,43
blRbyoIFBss_2-5-rgb_front,14.259999999999998,28
blRbyoIFBss_5_6-5-rgb_front,17.089999999999996,37
blRbyoIFBss_8-5-rgb_front,15.459999999999994,29
bmBNyPxIU5A_4-3-rgb_front,15.79,66
bogUNcjjm8Q_5-8-rgb_front,19.800000000000004,51
bpyAuV3jNIc_2-8-rgb_front,16.520000000000003,45
br-gJiD-YfA_14-5-rgb_front,18.150000000000006,47
br-gJiD-YfA_15-5-rgb_front,17.25999999999999,34
br-gJiD-YfA_16-5-rgb_front,34.379999999999995,69
br-gJiD-YfA_17-5-rgb_front,20.330000000000013,48
br-gJiD-YfA_18-5-rgb_front,14.009999999999991,34
br-gJiD-YfA_7-5-rgb_front,16.169999999999995,30
br-gJiD-YfA_9-5-rgb_front,15.27000000000001,27
brD68XY2rZs_13-8-rgb_front,15.050000000000004,28
brD68XY2rZs_31-8-rgb_front,28.239999999999995,92
btSrRQAWN6k_8-4-rgb_front,16.5,48
bunoLSdIKXo_14-8-rgb_front,17.60000000000001,41
bwnfdMdvWFQ_5-4-rgb_front,16.59,52
bwnfdMdvWFQ_6-4-rgb_front,15.54,60
bz-afk_q_1w_4-5-rgb_front,13.950000000000003,36
bz-afk_q_1w_6-5-rgb_front,28.179999999999993,23
bzTy65XT4_o_3-3-rgb_front,14.02,40
c0uMDWywVf0_0-5-rgb_front,16.139999999999997,31
c11S3-7gekg_2-5-rgb_front,20.82,63
c4Az5nStT7I_25-2-rgb_front,24.49000000000001,86
c7sX43YU__U_11-8-rgb_front,20.230000000000004,31
c7sX43YU__U_12-8-rgb_front,18.340000000000003,30
c8qCeBSlaOw_4-8-rgb_front,22.539999999999996,40
c8qCeBSlaOw_6-8-rgb_front,14.560000000000002,26
cBQbvdZQx3g_6-8-rgb_front,14.260000000000002,29
cBQbvdZQx3g_7-8-rgb_front,25.29,42
cC-MiIPH-14_4-8-rgb_front,15.29,61
cC-MiIPH-14_5-8-rgb_front,23.909999999999997,69
cC5RFhOB1Gk_4-5-rgb_front,20.35,31
cC5RFhOB1Gk_5-5-rgb_front,14.219999999999999,21
cEmmjObvNZE_23_24_25-5-rgb_front,14.130000000000024,24
cG6jFsMdpnw_5-8-rgb_front,16.77,45
cH27PiYX6gI_10-9-rgb_front,14.700000000000003,47
cH27PiYX6gI_11-9-rgb_front,17.159999999999997,59
cH27PiYX6gI_12-9-rgb_front,29.939999999999998,93
cH27PiYX6gI_13-9-rgb_front,13.739999999999995,47
cH27PiYX6gI_15-9-rgb_front,18.939999999999984,64
cH27PiYX6gI_2_3_4_5-9-rgb_front,14.809999999999999,49
cH9SbtBbEEY_6-8-rgb_front,14.530000000000001,34
cKW0IfaDisU_4-3-rgb_front,15.55,41
cNllDjjcRIg_1-5-rgb_front,31.700000000000003,67
cNllDjjcRIg_2-5-rgb_front,33.019999999999996,80
cOuKK2pnIlc_3-5-rgb_front,16.529999999999994,27
cOuKK2pnIlc_4-5-rgb_front,22.839999999999996,28
cOuKK2pnIlc_5-5-rgb_front,15.040000000000006,37
cQBrXCcfDyc_28-5-rgb_front,14.209999999999994,7
cQwxm1k62WY_14_15-5-rgb_front,17.659999999999997,45
cQwxm1k62WY_16-5-rgb_front,18.359999999999985,41
cRRD3k2ZGSc_2-8-rgb_front,31.17,75
cRRD3k2ZGSc_3-8-rgb_front,17.120000000000005,45
cRRD3k2ZGSc_4-8-rgb_front,24.11999999999999,60
cRRD3k2ZGSc_5-8-rgb_front,44.010000000000005,137
cRRD3k2ZGSc_6-8-rgb_front,19.960000000000008,49
cRhaqTxGCLw_5-5-rgb_front,27.58,49
cRhmpbpCW_4_2-5-rgb_front,45.83,42
cRrKSTsUW10_5-2-rgb_front,14.7,27
cRrKSTsUW10_9-2-rgb_front,13.930000000000007,27
cSrZJbw3oTY_0-5-rgb_front,13.659999999999998,28
cSrZJbw3oTY_1-5-rgb_front,22.519999999999996,44
cSrZJbw3oTY_2-5-rgb_front,29.919999999999995,46
cSrZJbw3oTY_3-5-rgb_front,15.629999999999995,34
cVe-33JxCEo_15-8-rgb_front,38.870000000000005,117
cVe-33JxCEo_3-8-rgb_front,20.19,47
cVe-33JxCEo_5-8-rgb_front,16.659999999999997,43
cVe-33JxCEo_6-8-rgb_front,16.409999999999997,44
cVe-33JxCEo_9_10-8-rgb_front,26.74000000000001,91
cXKFA8qu81E_4-5-rgb_front,14.730000000000004,60
cYTNoYFqyc0_11-8-rgb_front,27.05000000000001,95
cYdu_WW4808_3-5-rgb_front,17.880000000000003,17
cYdu_WW4808_9-5-rgb_front,25.67,53
cZIOEvWRGFg_1-5-rgb_front,19.24,52
cZIOEvWRGFg_3-5-rgb_front,27.790000000000006,106
cZIOEvWRGFg_4-5-rgb_front,18.83,74
cZbKzFhPbsg_15-8-rgb_front,16.02000000000001,48
cZbKzFhPbsg_7-8-rgb_front,15.300000000000004,61
cZbKzFhPbsg_9-8-rgb_front,18.290000000000006,60
c_M23pD7JHc_10-5-rgb_front,14.64,36
ca1_W8LZUmA_7-5-rgb_front,23.97,43
ca54J6D5hkA_11-5-rgb_front,15.429999999999993,26
ca54J6D5hkA_9-5-rgb_front,14.86,19
caSH1HZRhZA_11-5-rgb_front,14.090000000000003,31
caSH1HZRhZA_12-5-rgb_front,13.819999999999993,19
caSH1HZRhZA_16-5-rgb_front,15.780000000000001,12
caSH1HZRhZA_24-5-rgb_front,13.75,23
caSH1HZRhZA_26-5-rgb_front,15.379999999999995,8
caSH1HZRhZA_27-5-rgb_front,19.30000000000001,24
caSH1HZRhZA_36-5-rgb_front,15.75,14
caSH1HZRhZA_37-5-rgb_front,20.489999999999952,30
caSH1HZRhZA_4-5-rgb_front,23.28,42
cbBb4MkVqQw_0-5-rgb_front,15.06,28
cbBb4MkVqQw_10-5-rgb_front,22.89999999999999,35
cbBb4MkVqQw_7-5-rgb_front,15.969999999999999,27
cbuvayA-dEc_1-8-rgb_front,15.160000000000002,49
cbuvayA-dEc_4-8-rgb_front,15.560000000000002,46
ccWCWiIkP_Q_3-8-rgb_front,13.919999999999995,42
ccWCWiIkP_Q_4-8-rgb_front,19.760000000000005,64
cd6_MRFSaBg_2-5-rgb_front,19.53,50
cd6_MRFSaBg_4-5-rgb_front,18.889999999999993,42
cd6_MRFSaBg_8-5-rgb_front,14.27000000000001,43
cdwEY8_WfZA_7-8-rgb_front,21.289999999999992,46
cdwEY8_WfZA_8-8-rgb_front,16.950000000000003,46
cfT0AmWaVUo_4_5_6-5-rgb_front,17.53,47
ch8DtxId3Ng_0-5-rgb_front,16.66,23
ch8DtxId3Ng_1-5-rgb_front,20.76,37
ch8DtxId3Ng_10-5-rgb_front,27.610000000000014,40
ch8DtxId3Ng_6-5-rgb_front,29.22,56
chdVD0wH8HU_0-5-rgb_front,17.79,27
ck8Pd1xb2hM_13-5-rgb_front,16.239999999999995,35
ck8Pd1xb2hM_2-5-rgb_front,21.6,45
ckEfgaF2ZKc_4-8-rgb_front,14.600000000000001,33
clXjA4Ok8Bs_7-5-rgb_front,14.619999999999997,21
cmi0-jjwroA_8-5-rgb_front,16.199999999999996,36
cnbUSqFT5hc_3-5-rgb_front,30.690000000000005,54
cnbUSqFT5hc_4-5-rgb_front,14.639999999999993,41
coyY7sDvMac_13-8-rgb_front,15.239999999999995,21
coyY7sDvMac_4-8-rgb_front,18.1,36
csEuySpZgAo_9-5-rgb_front,21.429999999999993,32
cu22tQWIKio_5-5-rgb_front,22.339999999999996,42
cu22tQWIKio_7-5-rgb_front,20.08,26
cueklcakdUc_5-8-rgb_front,20.2,61
cueklcakdUc_7-8-rgb_front,16.54,42
cw66nEbqw2w_10-9-rgb_front,25.489999999999995,33
cw66nEbqw2w_12-9-rgb_front,23.390000000000015,25
cw66nEbqw2w_13-9-rgb_front,22.430000000000007,46
cw66nEbqw2w_8-9-rgb_front,16.760000000000005,39
cxNfMA-d_n8_12-1-rgb_front,17.450000000000003,38
cxNfMA-d_n8_13-1-rgb_front,16.830000000000013,66
cxNfMA-d_n8_14-1-rgb_front,20.44999999999999,56
cxNfMA-d_n8_15-1-rgb_front,13.740000000000009,13
cxNfMA-d_n8_16-1-rgb_front,22.0,27
czBrBQgZIuc_17-5-rgb_front,19.629999999999995,26
d-UFZZklFmM_9-5-rgb_front,24.10000000000001,55
d-wjMWfpeZc_16-5-rgb_front,14.930000000000007,19
d0HkysFvGRU_13-5-rgb_front,17.97,37
d0HkysFvGRU_9-5-rgb_front,67.56,20
d1h3XLGDMEY_12-8-rgb_front,26.890000000000015,25
d1h3XLGDMEY_5-8-rgb_front,16.45,61
d4gKps6FAO0_2-5-rgb_front,17.75,51
d7sVdYZqjQk_1-5-rgb_front,26.32,50
d7sVdYZqjQk_3-5-rgb_front,20.229999999999997,47
dC0nsP_KIw4_1-8-rgb_front,14.720000000000002,49
dC0nsP_KIw4_2_3-8-rgb_front,15.699999999999996,55
dC0nsP_KIw4_4_5-8-rgb_front,38.09,74
dC0nsP_KIw4_7-8-rgb_front,20.430000000000007,79
dEimfSueTwk_3-5-rgb_front,19.03,27
dH0pIsPTIug_13-8-rgb_front,13.86,34
dH0pIsPTIug_5-8-rgb_front,14.290000000000003,46
dIhOvhzskUg_1-8-rgb_front,23.400000000000002,39
dIhOvhzskUg_6-8-rgb_front,13.629999999999995,37
dIhOvhzskUg_8-8-rgb_front,15.260000000000005,28
dJ3lnqaocV4_11-8-rgb_front,15.140000000000008,57
dJkZC7IchGs_9-1-rgb_front,15.100000000000001,36
dPDIWKLSjBw_6-2-rgb_front,15.780000000000001,42
dR5U_NeNx18_1-5-rgb_front,16.08,51
dR5U_NeNx18_3-5-rgb_front,15.46,39
dR5U_NeNx18_5-5-rgb_front,18.210000000000008,46
dR5U_NeNx18_6-5-rgb_front,23.75,54
dS9mMXiUnkQ_22_23-5-rgb_front,19.650000000000006,41
dT5xm3lFdbo_13-5-rgb_front,26.14999999999999,37
dT5xm3lFdbo_7-5-rgb_front,17.47,23
dWfNzU-OFZw_10-8-rgb_front,14.049999999999997,34
dWfNzU-OFZw_12-8-rgb_front,21.58,59
dWfNzU-OFZw_3_4-8-rgb_front,15.629999999999999,38
dWfNzU-OFZw_6-8-rgb_front,18.58,34
dXAQ76wSgR4_3-5-rgb_front,14.350000000000001,38
dXAQ76wSgR4_5-5-rgb_front,14.729999999999997,55
dXAQ76wSgR4_6-5-rgb_front,23.779999999999987,47
d_cJXrKUy7M_1-5-rgb_front,13.95,19
d_cJXrKUy7M_7-5-rgb_front,24.42,52
dam5GdktjAU_10-8-rgb_front,13.760000000000005,35
dapjWYLv64w_1-8-rgb_front,13.970000000000002,49
dbSAB8F8GYc_2-9-rgb_front,17.54,45
db_8cpiP0T4_2-1-rgb_front,14.71,34
db_8cpiP0T4_4-1-rgb_front,22.22,63
dfpBYRHB83s_10-1-rgb_front,15.140000000000008,32
dfpBYRHB83s_4-1-rgb_front,25.580000000000002,25
dh6-yhJ30pY_12-8-rgb_front,18.33,63
dh6-yhJ30pY_3-8-rgb_front,24.679999999999996,65
dhKAQ8Yh0kM_1-5-rgb_front,24.240000000000002,48
dkJRO_I7d3Q_11-8-rgb_front,18.89,73
dlXnxaYWr9w_9-1-rgb_front,52.230000000000004,77
dm6VDCPd6J4_1-5-rgb_front,26.939999999999998,39
dm6VDCPd6J4_2-5-rgb_front,15.249999999999996,32
dm6VDCPd6J4_4-5-rgb_front,20.459999999999994,45
dm6VDCPd6J4_6-5-rgb_front,22.049999999999997,36
dm6VDCPd6J4_7-5-rgb_front,15.439999999999998,37
dmUuraVHek8_11-8-rgb_front,13.920000000000002,39
dnzYz8sZHSg_7-1-rgb_front,17.53,49
dq9LGNzm2Mo_7-8-rgb_front,21.339999999999996,65
dqMEvM8Sr4Y_1-5-rgb_front,27.07,18
dqMEvM8Sr4Y_4-5-rgb_front,25.380000000000003,31
dqMEvM8Sr4Y_7-5-rgb_front,21.319999999999993,29
drNQMr0iNRk_1-5-rgb_front,15.629999999999999,38
drNQMr0iNRk_3-5-rgb_front,18.15,27
drNQMr0iNRk_4-5-rgb_front,19.39,35
drNQMr0iNRk_7-5-rgb_front,16.560000000000002,23
drNQMr0iNRk_8-5-rgb_front,15.91000000000001,33
dtgTGUzrAAU_4-5-rgb_front,24.15,57
dtgTGUzrAAU_5-5-rgb_front,18.240000000000002,32
dvbjlbs5rm0_12-2-rgb_front,17.299999999999997,52
dwxB_OaeAAg_3-8-rgb_front,15.54,51
dzctDQsw2dk_1-8-rgb_front,14.29,15
e2nHkrL-Ejo_1-5-rgb_front,14.690000000000001,9
e2nHkrL-Ejo_6-5-rgb_front,16.35,25
e2nHkrL-Ejo_7-5-rgb_front,20.60000000000001,46
e3fk_uZThBM_4-8-rgb_front,23.190000000000005,56
e5HYroYJ9pk_4-8-rgb_front,17.11,36
e5SqBxoPVzw_2-5-rgb_front,21.78,44
e5SqBxoPVzw_5-5-rgb_front,16.75,34
e6kaamScxwY_4-8-rgb_front,14.559999999999999,39
e9KEGfUEhMk_1-5-rgb_front,16.36,31
e9KEGfUEhMk_12-5-rgb_front,13.749999999999986,17
e9KEGfUEhMk_6-5-rgb_front,15.410000000000004,25
eBrlZcccILg_11-3-rgb_front,16.060000000000002,38
eBrlZcccILg_17-3-rgb_front,23.559999999999988,56
eBrlZcccILg_24-3-rgb_front,18.010000000000005,42
eDUXnSkhCi8_5-5-rgb_front,15.86,42
eDoxY9hEauM_3-5-rgb_front,19.3,45
eDoxY9hEauM_4-5-rgb_front,25.25,45
eGLS5AY_TEw_4-8-rgb_front,16.88,61
eHw7FC4IqtI_1-5-rgb_front,16.470000000000002,44
eI9bNFa07x4_14-8-rgb_front,18.0,43
eIOmY6ub-I0_5-5-rgb_front,15.590000000000003,12
eJIeFdrw4hM_10-8-rgb_front,16.33,45
eJIeFdrw4hM_11-8-rgb_front,14.790000000000006,42
eJ_G_kOahj0_2-3-rgb_front,23.070000000000004,61
eJ_G_kOahj0_6-3-rgb_front,35.72,107
eJlvf2D4P-I_8-5-rgb_front,22.21,36
eKWP0Bql7g4_4-8-rgb_front,15.300000000000004,36
eKWP0Bql7g4_6-8-rgb_front,15.040000000000006,26
eKWP0Bql7g4_8-8-rgb_front,37.02000000000001,88
eMhscu5bckc_4-5-rgb_front,23.28,41
eMhscu5bckc_8-5-rgb_front,23.85000000000001,56
eMhscu5bckc_9-5-rgb_front,19.960000000000008,33
eN2mMGil37o_2-5-rgb_front,18.139999999999997,43
eN2mMGil37o_3-5-rgb_front,18.25,48
eOCzDL-1dOw_0-1-rgb_front,14.870000000000001,26
eOCzDL-1dOw_12-1-rgb_front,16.409999999999997,18
eOCzDL-1dOw_3-1-rgb_front,15.130000000000003,34
eOCzDL-1dOw_4-1-rgb_front,20.67,26
eOCzDL-1dOw_8-1-rgb_front,20.22,38
eRlK5VRBfNY_6-3-rgb_front,29.470000000000006,66
eS58monGmKo_4-8-rgb_front,14.82,34
eS58monGmKo_5-8-rgb_front,15.590000000000003,37
eS8QaBYoDU0_1-9-rgb_front,14.829999999999998,42
eSKKvQaZVHk_1-5-rgb_front,15.93,26
eSKKvQaZVHk_2-5-rgb_front,19.709999999999994,21
eSKKvQaZVHk_5-5-rgb_front,13.759999999999998,17
eSKKvQaZVHk_7-5-rgb_front,29.060000000000002,48
eSKKvQaZVHk_8-5-rgb_front,22.17,43
eSzXQQUgH1A_1-5-rgb_front,19.11,23
eSzXQQUgH1A_13-5-rgb_front,18.019999999999996,42
eSzXQQUgH1A_2-5-rgb_front,14.02,27
eTtHXMC1Tco_12-5-rgb_front,19.049999999999997,40
eUMcnlp5jNs_6-5-rgb_front,18.439999999999998,31
eUgIpi7-Aqo_9-8-rgb_front,20.14999999999999,52
eUkBa7h9VGM_4-5-rgb_front,31.03000000000001,62
eUtZatstDh4_1-5-rgb_front,16.34,38
eUtZatstDh4_4-5-rgb_front,27.800000000000004,30
eUtZatstDh4_5-5-rgb_front,15.039999999999992,38
eVy2te5bv_A_3-5-rgb_front,14.209999999999994,36
eVy2te5bv_A_4-5-rgb_front,18.140000000000008,46
eVy2te5bv_A_5-5-rgb_front,29.929999999999993,59
eVy2te5bv_A_6-5-rgb_front,21.510000000000005,48
eVy2te5bv_A_7-5-rgb_front,14.450000000000003,34
eXabAP-jk6E_2-5-rgb_front,24.91,38
eXabAP-jk6E_3-5-rgb_front,31.72,49
eXabAP-jk6E_5-5-rgb_front,14.019999999999996,31
eXabAP-jk6E_6-5-rgb_front,20.070000000000007,30
eXabAP-jk6E_8-5-rgb_front,15.330000000000013,19
eXgUJuEhrY0_1-5-rgb_front,16.37,40
eYoOi0oIEWM_3-8-rgb_front,41.71,132
eYoOi0oIEWM_4-8-rgb_front,13.959999999999994,54
eYwnPtrnsWw_11-8-rgb_front,13.929999999999993,33
eYwnPtrnsWw_12-8-rgb_front,19.47999999999999,43
eYwnPtrnsWw_23-8-rgb_front,18.650000000000006,41
e_S9g_NKlvY_13-8-rgb_front,13.669999999999995,47
ebl8tXLXops_13-8-rgb_front,17.549999999999997,52
edhG6Fflhtg_14-8-rgb_front,14.840000000000003,46
eflyfJi9EVQ_4-8-rgb_front,14.620000000000005,48
egEQrOLjKxc_8-8-rgb_front,14.230000000000004,43
ehqk9k4eL_k_2-8-rgb_front,19.31,42
ehqk9k4eL_k_4-8-rgb_front,57.330000000000005,126
evyPWgUeAcI_5-8-rgb_front,13.690000000000005,40
evyPWgUeAcI_7_8_9-8-rgb_front,14.629999999999995,20
ewUqUklARsA_2-2-rgb_front,22.240000000000002,39
ewUqUklARsA_3-2-rgb_front,16.519999999999996,30
ewUqUklARsA_5-2-rgb_front,17.92,25
exmbwktwuLs_5-5-rgb_front,14.800000000000004,42
exoR8fu9q4M_8-8-rgb_front,14.720000000000002,41
eyRb0KhjU3I_11-5-rgb_front,14.269999999999996,45
eyRb0KhjU3I_4-5-rgb_front,27.580000000000002,62
eyRb0KhjU3I_8-5-rgb_front,17.78,24
ez9_he04234_1-8-rgb_front,15.8,33
ezvP_trD6O8_12-5-rgb_front,16.049999999999997,47
ezvP_trD6O8_7-5-rgb_front,16.759999999999998,40
f1TMEQbc7WY_0-5-rgb_front,14.530000000000001,32
f1TMEQbc7WY_1-5-rgb_front,23.47,43
f1TMEQbc7WY_4-5-rgb_front,14.199999999999996,34
f49dpJCNEfQ_11_12_13-5-rgb_front,22.810000000000002,50
f49dpJCNEfQ_5-5-rgb_front,17.21,44
f6SJe6s7FBQ_17-8-rgb_front,18.400000000000006,49
f6rSeB4glE8_5-8-rgb_front,19.999999999999996,43
f6rSeB4glE8_9-8-rgb_front,16.72,31
f8ShD9YwEfo_24-2-rgb_front,15.550000000000011,49
fB33NsuFbV0_11-1-rgb_front,15.129999999999995,44
fB33NsuFbV0_3-1-rgb_front,30.270000000000003,77
fB33NsuFbV0_7-1-rgb_front,19.590000000000003,41
fCF65sNmII8_6-3-rgb_front,15.280000000000001,25
fCF65sNmII8_9-3-rgb_front,15.920000000000002,42
fClqAXwjimE_2-5-rgb_front,16.560000000000002,42
fClqAXwjimE_3-5-rgb_front,27.43,33
fClqAXwjimE_4-5-rgb_front,15.430000000000007,33
fClqAXwjimE_8-5-rgb_front,25.25,53
fFc9HA0XHvY_9-5-rgb_front,19.32,9
fFoY25BAiec_1-8-rgb_front,19.55,24
fFoY25BAiec_4-8-rgb_front,22.57,59
fFoY25BAiec_7-8-rgb_front,26.980000000000004,56
fGOgdMxbrbk_3-3-rgb_front,18.709999999999997,33
fGpZTRPFf9Y_2-5-rgb_front,61.73,68
fGpZTRPFf9Y_6-5-rgb_front,15.299999999999997,36
fGpZTRPFf9Y_7-5-rgb_front,22.309999999999988,28
fH5XOSfcoIk_6-5-rgb_front,17.340000000000003,50
fHPQ0WYfLmI_16-5-rgb_front,16.08,39
fHyWp4FMZZA_1-5-rgb_front,19.71,40
fHyWp4FMZZA_6-5-rgb_front,17.229999999999997,24
fHyWp4FMZZA_7-5-rgb_front,23.86,49
fK3jvGvFqD4_5-5-rgb_front,19.22,26
fK3jvGvFqD4_6-5-rgb_front,18.129999999999995,37
ft6HeVUlcuM_12-3-rgb_front,20.489999999999995,51
fvyDE8T9trM_6-5-rgb_front,24.24000000000001,55
fxLUOvJTM0U_3-5-rgb_front,22.169999999999998,31
fxLUOvJTM0U_4-5-rgb_front,24.47,34
fxLUOvJTM0U_5-5-rgb_front,15.86999999999999,27
fxLUOvJTM0U_6-5-rgb_front,13.840000000000003,18
fxtkHe6zRFg_13-5-rgb_front,14.090000000000003,29
fy64LazcBA4_0_1-5-rgb_front,41.18,119
fy64LazcBA4_14-5-rgb_front,15.33999999999999,33
fy64LazcBA4_20-5-rgb_front,20.150000000000006,36
fy64LazcBA4_7-5-rgb_front,14.0,17
